Date;Workout Name;Exercise Name;Set Order;Weight;Weight Unit;Reps;Distance;Distance Unit;Seconds;Notes;Workout Notes
2018-07-25 14:45:06;"Afternoon Workout";"Squat";1;115;lbs;10;;;0;"";""
2018-07-25 14:45:06;"Afternoon Workout";"Squat";2;205;lbs;10;;;0;;
2018-07-25 14:45:06;"Afternoon Workout";"Squat";3;225;lbs;10;;;0;;
2018-07-25 14:45:06;"Afternoon Workout";"Squat";4;225;lbs;8;;;0;;
2018-07-25 14:45:06;"Afternoon Workout";"Calf Raise (With Decline) ";1;305;lbs;10;;;0;"";
2018-07-25 14:45:06;"Afternoon Workout";"Calf Raise (With Decline) ";2;325;lbs;12;;;0;;
2018-07-25 14:45:06;"Afternoon Workout";"Calf Raise (With Decline) ";3;325;lbs;12;;;0;;
2018-07-25 14:45:06;"Afternoon Workout";"Calf Raise (With Decline) ";4;325;lbs;12;;;0;;
2018-07-25 14:45:06;"Afternoon Workout";"Goblet Squat";1;50;lbs;10;;;0;"";
2018-07-25 14:45:06;"Afternoon Workout";"Goblet Squat";2;50;lbs;10;;;0;;
2018-07-25 14:45:06;"Afternoon Workout";"Leg Curl";1;160;lbs;10;;;0;"";
2018-07-25 14:45:06;"Afternoon Workout";"Leg Curl";2;170;lbs;8;;;0;;
2018-07-25 14:45:06;"Afternoon Workout";"Leg Curl";3;160;lbs;10;;;0;;
2018-07-25 14:45:06;"Afternoon Workout";"Leg Extension";1;170;lbs;10;;;0;"";
2018-07-25 14:45:06;"Afternoon Workout";"Leg Extension";2;170;lbs;12;;;0;;
2018-07-25 14:45:06;"Afternoon Workout";"Leg Extension";3;170;lbs;10;;;0;;
2018-07-24 14:50:33;"Evening Workout";"Bench Press (Dumbbell)";1;50;lbs;8;;;0;"";""
2018-07-24 14:50:33;"Evening Workout";"Bench Press (Dumbbell)";2;60;lbs;8;;;0;;
2018-07-24 14:50:33;"Evening Workout";"Bench Press (Dumbbell)";3;60;lbs;6;;;0;;
2018-07-24 14:50:33;"Evening Workout";"Close Grip Bench Press";1;125;lbs;8;;;0;"";
2018-07-24 14:50:33;"Evening Workout";"Close Grip Bench Press";2;135;lbs;6;;;0;;
2018-07-24 14:50:33;"Evening Workout";"Close Grip Bench Press";3;135;lbs;6;;;0;;
2018-07-24 14:50:33;"Evening Workout";"Incline Press (Machine) ";1;160;lbs;8;;;0;"";
2018-07-24 14:50:33;"Evening Workout";"Incline Press (Machine) ";2;170;lbs;6;;;0;;
2018-07-24 14:50:33;"Evening Workout";"Incline Press (Machine) ";3;170;lbs;6;;;0;;
2018-07-24 14:50:33;"Evening Workout";"Bent Over Cable Fly";1;90;lbs;10;;;0;"";
2018-07-24 14:50:33;"Evening Workout";"Bent Over Cable Fly";2;90;lbs;10;;;0;;
2018-07-24 14:50:33;"Evening Workout";"Bent Over Cable Fly";3;100;lbs;6;;;0;;
2018-07-24 14:50:33;"Evening Workout";"Tricep Kickback";1;30;lbs;8;;;0;"";
2018-07-24 14:50:33;"Evening Workout";"Bench Dips";1;50;lbs;12;;;0;"";
2018-07-24 14:50:33;"Evening Workout";"Bench Dips";2;50;lbs;15;;;0;;
2018-07-24 14:50:33;"Evening Workout";"Bench Dips";3;50;lbs;15;;;0;;
2018-07-21 17:44:58;"Evening Workout";"Lateral Raise (1 1/2)";1;15;lbs;6;;;0;"";""
2018-07-21 17:44:58;"Evening Workout";"Lateral Raise (1 1/2)";2;15;lbs;6;;;0;;
2018-07-21 17:44:58;"Evening Workout";"Lateral Raise (1 1/2)";3;15;lbs;6;;;0;;
2018-07-21 17:44:58;"Evening Workout";"Lateral Raise";1;45;lbs;10;;;0;"";
2018-07-21 17:44:58;"Evening Workout";"Lateral Raise";2;45;lbs;10;;;0;;
2018-07-21 17:44:58;"Evening Workout";"Lateral Raise";3;45;lbs;10;;;0;;
2018-07-21 17:44:58;"Evening Workout";"Upright Barbell Row";1;115;lbs;10;;;0;"";
2018-07-21 17:44:58;"Evening Workout";"Upright Barbell Row";2;135;lbs;10;;;0;;
2018-07-21 17:44:58;"Evening Workout";"Upright Barbell Row";3;135;lbs;12;;;0;;
2018-07-21 17:44:58;"Evening Workout";"Shoulder Press (Machine)";1;130;lbs;8;;;0;"";
2018-07-21 17:44:58;"Evening Workout";"Shoulder Press (Machine)";2;140;lbs;8;;;0;;
2018-07-21 17:44:58;"Evening Workout";"Shoulder Press (Machine)";3;140;lbs;6;;;0;;
2018-07-21 17:44:58;"Evening Workout";"Shoulder Butterfly";1;30;lbs;12;;;0;"";
2018-07-21 17:44:58;"Evening Workout";"Shoulder Butterfly";2;35;lbs;10;;;0;;
2018-07-21 17:44:58;"Evening Workout";"Shoulder Butterfly";3;35;lbs;8;;;0;;
2018-07-19 15:55:07;"Afternoon Workout";"Squat";1;115;lbs;10;;;0;"";""
2018-07-19 15:55:07;"Afternoon Workout";"Squat";2;205;lbs;8;;;0;;
2018-07-19 15:55:07;"Afternoon Workout";"Squat";3;225;lbs;6;;;0;;
2018-07-19 15:55:07;"Afternoon Workout";"Squat";4;225;lbs;6;;;0;;
2018-07-19 15:55:07;"Afternoon Workout";"Squat";5;215;lbs;8;;;0;;
2018-07-19 15:55:07;"Afternoon Workout";"Calf Raise (With Decline) ";1;275;lbs;12;;;0;"";
2018-07-19 15:55:07;"Afternoon Workout";"Calf Raise (With Decline) ";2;305;lbs;12;;;0;;
2018-07-19 15:55:07;"Afternoon Workout";"Calf Raise (With Decline) ";3;305;lbs;15;;;0;;
2018-07-19 15:55:07;"Afternoon Workout";"Calf Raise (With Decline) ";4;305;lbs;12;;;0;;
2018-07-19 15:55:07;"Afternoon Workout";"Goblet Squat";1;50;lbs;10;;;0;"";
2018-07-19 15:55:07;"Afternoon Workout";"Goblet Squat";2;50;lbs;10;;;0;;
2018-07-19 15:55:07;"Afternoon Workout";"Goblet Squat";3;50;lbs;0;;;0;;
2018-07-19 15:55:07;"Afternoon Workout";"Leg Curl";1;150;lbs;10;;;0;"";
2018-07-19 15:55:07;"Afternoon Workout";"Leg Curl";2;160;lbs;10;;;0;;
2018-07-19 15:55:07;"Afternoon Workout";"Leg Curl";3;160;lbs;9;;;0;;
2018-07-19 15:55:07;"Afternoon Workout";"Leg Extension";1;150;lbs;10;;;0;"";
2018-07-19 15:55:07;"Afternoon Workout";"Leg Extension";2;160;lbs;10;;;0;;
2018-07-19 15:55:07;"Afternoon Workout";"Leg Extension";3;170;lbs;10;;;0;;
2018-07-17 17:24:26;"Afternoon Workout";"Lat Pulldown";1;115;lbs;8;;;0;"";""
2018-07-17 17:24:26;"Afternoon Workout";"Lat Pulldown";2;100;lbs;10;;;0;;
2018-07-17 17:24:26;"Afternoon Workout";"Lat Pulldown";3;115;lbs;10;;;0;;
2018-07-17 17:24:26;"Afternoon Workout";"Bent Over Row";1;135;lbs;10;;;0;"";
2018-07-17 17:24:26;"Afternoon Workout";"Bent Over Row";2;145;lbs;10;;;0;;
2018-07-17 17:24:26;"Afternoon Workout";"Bent Over Row";3;155;lbs;8;;;0;;
2018-07-17 17:24:26;"Afternoon Workout";"Reverse Grip Barbell Row";1;135;lbs;10;;;0;"";
2018-07-17 17:24:26;"Afternoon Workout";"Reverse Grip Barbell Row";2;145;lbs;8;;;0;;
2018-07-17 17:24:26;"Afternoon Workout";"Reverse Grip Barbell Row";3;145;lbs;6;;;0;;
2018-07-17 17:24:26;"Afternoon Workout";"Reverse Grip Lat Pulldown ";1;115;lbs;10;;;0;"";
2018-07-17 17:24:26;"Afternoon Workout";"Reverse Grip Lat Pulldown ";2;130;lbs;6;;;0;;
2018-07-17 17:24:26;"Afternoon Workout";"Reverse Grip Lat Pulldown ";3;115;lbs;10;;;0;;
2018-07-17 17:24:26;"Afternoon Workout";"Curl (EZ) ";1;75;lbs;8;;;0;"";
2018-07-17 17:24:26;"Afternoon Workout";"Curl (EZ) ";2;75;lbs;8;;;0;;
2018-07-17 17:24:26;"Afternoon Workout";"Curl (EZ) ";3;75;lbs;6;;;0;;
2018-07-17 17:24:26;"Afternoon Workout";"Curl (Decentric) ";1;75;lbs;3;;;0;"";
2018-07-17 17:24:26;"Afternoon Workout";"Curl (Decentric) ";2;75;lbs;3;;;0;;
2018-07-15 17:16:08;"Evening Workout";"Bench Press (Dumbbell)";1;50;lbs;10;;;0;"";""
2018-07-15 17:16:08;"Evening Workout";"Bench Press (Dumbbell)";2;60;lbs;10;;;0;;
2018-07-15 17:16:08;"Evening Workout";"Bench Press (Dumbbell)";3;60;lbs;6;;;0;;
2018-07-15 17:16:08;"Evening Workout";"Close Grip Bench Press";1;115;lbs;8;;;0;"";
2018-07-15 17:16:08;"Evening Workout";"Close Grip Bench Press";2;125;lbs;8;;;0;;
2018-07-15 17:16:08;"Evening Workout";"Close Grip Bench Press";3;125;lbs;8;;;0;;
2018-07-15 17:16:08;"Evening Workout";"Incline Press (Machine) ";1;160;lbs;7;;;0;"";
2018-07-15 17:16:08;"Evening Workout";"Incline Press (Machine) ";2;160;lbs;6;;;0;;
2018-07-15 17:16:08;"Evening Workout";"Incline Press (Machine) ";3;160;lbs;6;;;0;;
2018-07-15 17:16:08;"Evening Workout";"Bent Over Cable Fly";1;90;lbs;10;;;0;"";
2018-07-15 17:16:08;"Evening Workout";"Bent Over Cable Fly";2;90;lbs;8;;;0;;
2018-07-15 17:16:08;"Evening Workout";"Bent Over Cable Fly";3;90;lbs;8;;;0;;
2018-07-15 17:16:08;"Evening Workout";"Tricep Kickback";1;30;lbs;10;;;0;"";
2018-07-15 17:16:08;"Evening Workout";"Tricep Kickback";2;30;lbs;8;;;0;;
2018-07-15 17:16:08;"Evening Workout";"Tricep Kickback";3;30;lbs;6;;;0;;
2018-07-15 17:16:08;"Evening Workout";"Bench Dips";1;25;lbs;20;;;0;"";
2018-07-15 17:16:08;"Evening Workout";"Bench Dips";2;25;lbs;20;;;0;;
2018-07-15 17:16:08;"Evening Workout";"Bench Dips";3;25;lbs;20;;;0;;
2018-07-13 15:28:06;"Evening Workout";"Lateral Raise (1 1/2)";1;15;lbs;6;;;0;"";""
2018-07-13 15:28:06;"Evening Workout";"Lateral Raise (1 1/2)";2;15;lbs;6;;;0;;
2018-07-13 15:28:06;"Evening Workout";"Lateral Raise (1 1/2)";3;15;lbs;6;;;0;;
2018-07-13 15:28:06;"Evening Workout";"Lateral Raise";1;45;lbs;10;;;0;"";
2018-07-13 15:28:06;"Evening Workout";"Lateral Raise";2;45;lbs;10;;;0;;
2018-07-13 15:28:06;"Evening Workout";"Lateral Raise";3;45;lbs;6;;;0;;
2018-07-13 15:28:06;"Evening Workout";"Upright Barbell Row";1;115;lbs;10;;;0;"";
2018-07-13 15:28:06;"Evening Workout";"Upright Barbell Row";2;135;lbs;8;;;0;;
2018-07-13 15:28:06;"Evening Workout";"Upright Barbell Row";3;135;lbs;10;;;0;;
2018-07-13 15:28:06;"Evening Workout";"Shoulder Press (Machine)";1;130;lbs;8;;;0;"";
2018-07-13 15:28:06;"Evening Workout";"Shoulder Press (Machine)";2;130;lbs;8;;;0;;
2018-07-13 15:28:06;"Evening Workout";"Shoulder Press (Machine)";3;130;lbs;6;;;0;;
2018-07-13 15:28:06;"Evening Workout";"Shoulder Butterfly";1;25;lbs;15;;;0;"";
2018-07-13 15:28:06;"Evening Workout";"Shoulder Butterfly";2;25;lbs;15;;;0;;
2018-07-13 15:28:06;"Evening Workout";"Shoulder Butterfly";3;30;lbs;12;;;0;;
2018-07-12 15:09:53;"Afternoon Workout";"Lat Pulldown";1;115;lbs;10;;;0;"";""
2018-07-12 15:09:53;"Afternoon Workout";"Lat Pulldown";2;130;lbs;8;;;0;;
2018-07-12 15:09:53;"Afternoon Workout";"Lat Pulldown";3;130;lbs;8;;;0;;
2018-07-12 15:09:53;"Afternoon Workout";"Bent Over Row";1;135;lbs;8;;;0;"";
2018-07-12 15:09:53;"Afternoon Workout";"Bent Over Row";2;145;lbs;8;;;0;;
2018-07-12 15:09:53;"Afternoon Workout";"Bent Over Row";3;155;lbs;6;;;0;;
2018-07-12 15:09:53;"Afternoon Workout";"Reverse Grip Barbell Row";1;135;lbs;10;;;0;"";
2018-07-12 15:09:53;"Afternoon Workout";"Reverse Grip Barbell Row";2;145;lbs;8;;;0;;
2018-07-12 15:09:53;"Afternoon Workout";"Reverse Grip Barbell Row";3;135;lbs;8;;;0;;
2018-07-12 15:09:53;"Afternoon Workout";"Reverse Grip Lat Pulldown ";1;115;lbs;10;;;0;"";
2018-07-12 15:09:53;"Afternoon Workout";"Reverse Grip Lat Pulldown ";2;130;lbs;8;;;0;;
2018-07-12 15:09:53;"Afternoon Workout";"Reverse Grip Lat Pulldown ";3;130;lbs;8;;;0;;
2018-07-12 15:09:53;"Afternoon Workout";"Curl (EZ) ";1;75;lbs;6;;;0;"";
2018-07-12 15:09:53;"Afternoon Workout";"Curl (EZ) ";2;75;lbs;8;;;0;;
2018-07-12 15:09:53;"Afternoon Workout";"Curl (EZ) ";3;75;lbs;6;;;0;;
2018-07-12 15:09:53;"Afternoon Workout";"Bent Over Row (Dumbbell)";1;55;lbs;8;;;0;"";
2018-07-12 15:09:53;"Afternoon Workout";"Bent Over Row (Dumbbell)";2;60;lbs;8;;;0;;
2018-07-12 15:09:53;"Afternoon Workout";"Bent Over Row (Dumbbell)";3;60;lbs;6;;;0;;
2018-07-10 14:06:29;"Afternoon Workout";"Squat";1;115;lbs;10;;;0;"";""
2018-07-10 14:06:29;"Afternoon Workout";"Squat";2;165;lbs;8;;;0;;
2018-07-10 14:06:29;"Afternoon Workout";"Squat";3;195;lbs;10;;;0;;
2018-07-10 14:06:29;"Afternoon Workout";"Squat";4;215;lbs;6;;;0;;
2018-07-10 14:06:29;"Afternoon Workout";"Calf Raise (With Decline) ";1;215;lbs;15;;;0;"";
2018-07-10 14:06:29;"Afternoon Workout";"Calf Raise (With Decline) ";2;265;lbs;15;;;0;;
2018-07-10 14:06:29;"Afternoon Workout";"Calf Raise (With Decline) ";3;285;lbs;15;;;0;;
2018-07-10 14:06:29;"Afternoon Workout";"Goblet Squat";1;50;lbs;10;;;0;"";
2018-07-10 14:06:29;"Afternoon Workout";"Goblet Squat";2;50;lbs;10;;;0;;
2018-07-10 14:06:29;"Afternoon Workout";"Goblet Squat";3;50;lbs;10;;;0;;
2018-07-10 14:06:29;"Afternoon Workout";"Leg Curl";1;150;lbs;10;;;0;"";
2018-07-10 14:06:29;"Afternoon Workout";"Leg Curl";2;150;lbs;10;;;0;;
2018-07-10 14:06:29;"Afternoon Workout";"Leg Curl";3;150;lbs;10;;;0;;
2018-07-10 14:06:29;"Afternoon Workout";"Leg Extension";1;150;lbs;10;;;0;"";
2018-07-10 14:06:29;"Afternoon Workout";"Leg Extension";2;150;lbs;10;;;0;;
2018-07-10 14:06:29;"Afternoon Workout";"Leg Extension";3;160;lbs;10;;;0;;
2018-07-10 14:06:29;"Afternoon Workout";"Crunch";1;;;20;;;0;"";
2018-07-10 14:06:29;"Afternoon Workout";"Crunch";2;;;15;;;0;;
2018-07-10 14:06:29;"Afternoon Workout";"Crunch";3;;;15;;;0;;
2018-07-10 14:06:29;"Afternoon Workout";"Russian Twist";1;;;30;;;0;"";
2018-07-08 10:48:33;"Evening Workout";"Lateral Raise (1 1/2)";1;15;lbs;8;;;0;"";""
2018-07-08 10:48:33;"Evening Workout";"Lateral Raise (1 1/2)";2;15;lbs;6;;;0;;
2018-07-08 10:48:33;"Evening Workout";"Lateral Raise (1 1/2)";3;15;lbs;6;;;0;;
2018-07-08 10:48:33;"Evening Workout";"Lateral Raise";1;45;lbs;10;;;0;"";
2018-07-08 10:48:33;"Evening Workout";"Lateral Raise";2;45;lbs;10;;;0;;
2018-07-08 10:48:33;"Evening Workout";"Lateral Raise";3;45;lbs;8;;;0;;
2018-07-08 10:48:33;"Evening Workout";"Front Raise";1;30;lbs;8;;;0;"";
2018-07-08 10:48:33;"Evening Workout";"Front Raise";2;30;lbs;8;;;0;;
2018-07-08 10:48:33;"Evening Workout";"Front Raise";3;30;lbs;6;;;0;;
2018-07-08 10:48:33;"Evening Workout";"Upright Barbell Row";1;115;lbs;10;;;0;"";
2018-07-08 10:48:33;"Evening Workout";"Upright Barbell Row";2;135;lbs;8;;;0;;
2018-07-08 10:48:33;"Evening Workout";"Upright Barbell Row";3;135;lbs;6;;;0;;
2018-07-08 10:48:33;"Evening Workout";"Shoulder Press (Machine)";1;130;lbs;6;;;0;"";
2018-07-08 10:48:33;"Evening Workout";"Shoulder Press (Machine)";2;130;lbs;6;;;0;;
2018-07-08 10:48:33;"Evening Workout";"Shoulder Press (Machine)";3;130;lbs;6;;;0;;
2018-07-08 10:48:33;"Evening Workout";"Shoulder Butterfly";1;25;lbs;12;;;0;"";
2018-07-08 10:48:33;"Evening Workout";"Shoulder Butterfly";2;30;lbs;12;;;0;;
2018-07-08 10:48:33;"Evening Workout";"Shoulder Butterfly";3;30;lbs;10;;;0;;
2018-07-08 10:48:33;"Evening Workout";"Reverse Fly (Full extension) ";1;25;lbs;10;;;0;"";
2018-07-08 10:48:33;"Evening Workout";"Reverse Fly (Full extension) ";2;25;lbs;10;;;0;;
2018-07-08 10:48:33;"Evening Workout";"Reverse Fly (Full extension) ";3;30;lbs;10;;;0;;
2018-07-07 15:08:10;"Afternoon Workout";"Lat Pulldown";1;115;lbs;8;;;0;"";""
2018-07-07 15:08:10;"Afternoon Workout";"Lat Pulldown";2;115;lbs;8;;;0;;
2018-07-07 15:08:10;"Afternoon Workout";"Lat Pulldown";3;115;lbs;6;;;0;;
2018-07-07 15:08:10;"Afternoon Workout";"Bent Over Row";1;135;lbs;8;;;0;"";
2018-07-07 15:08:10;"Afternoon Workout";"Bent Over Row";2;145;lbs;6;;;0;;
2018-07-07 15:08:10;"Afternoon Workout";"Bent Over Row";3;145;lbs;8;;;0;;
2018-07-07 15:08:10;"Afternoon Workout";"Reverse Grip Barbell Row";1;115;lbs;10;;;0;"";
2018-07-07 15:08:10;"Afternoon Workout";"Reverse Grip Barbell Row";2;135;lbs;8;;;0;;
2018-07-07 15:08:10;"Afternoon Workout";"Reverse Grip Barbell Row";3;135;lbs;6;;;0;;
2018-07-07 15:08:10;"Afternoon Workout";"Reverse Grip Lat Pulldown ";1;115;lbs;8;;;0;"";
2018-07-07 15:08:10;"Afternoon Workout";"Reverse Grip Lat Pulldown ";2;115;lbs;8;;;0;;
2018-07-07 15:08:10;"Afternoon Workout";"Reverse Grip Lat Pulldown ";3;115;lbs;8;;;0;;
2018-07-07 15:08:10;"Afternoon Workout";"Curl (EZ) ";1;75;lbs;8;;;0;"";
2018-07-07 15:08:10;"Afternoon Workout";"Curl (EZ) ";2;75;lbs;8;;;0;;
2018-07-07 15:08:10;"Afternoon Workout";"Curl EZ (1 1/2)";1;75;lbs;5;;;0;"";
2018-07-07 15:08:10;"Afternoon Workout";"Bent Over Row (Dumbbell)";1;50;lbs;8;;;0;"";
2018-07-07 15:08:10;"Afternoon Workout";"Bent Over Row (Dumbbell)";2;55;lbs;8;;;0;;
2018-07-07 15:08:10;"Afternoon Workout";"Bent Over Row (Dumbbell)";3;60;lbs;8;;;0;;
2018-07-05 13:58:15;"Evening Workout";"Bench Press (Dumbbell)";1;50;lbs;8;;;0;"";""
2018-07-05 13:58:15;"Evening Workout";"Bench Press (Dumbbell)";2;60;lbs;8;;;0;;
2018-07-05 13:58:15;"Evening Workout";"Bench Press (Dumbbell)";3;60;lbs;5;;;0;;
2018-07-05 13:58:15;"Evening Workout";"Close Grip Bench Press";1;115;lbs;8;;;0;"";
2018-07-05 13:58:15;"Evening Workout";"Close Grip Bench Press";2;115;lbs;8;;;0;;
2018-07-05 13:58:15;"Evening Workout";"Close Grip Bench Press";3;115;lbs;6;;;0;;
2018-07-05 13:58:15;"Evening Workout";"Incline Press (Machine) ";1;160;lbs;8;;;0;"";
2018-07-05 13:58:15;"Evening Workout";"Incline Press (Machine) ";2;160;lbs;8;;;0;;
2018-07-05 13:58:15;"Evening Workout";"Incline Press (Machine) ";3;160;lbs;7;;;0;;
2018-07-05 13:58:15;"Evening Workout";"Bent Over Cable Fly";1;80;lbs;10;;;0;"";
2018-07-05 13:58:15;"Evening Workout";"Bent Over Cable Fly";2;80;lbs;10;;;0;;
2018-07-05 13:58:15;"Evening Workout";"Bent Over Cable Fly";3;90;lbs;6;;;0;;
2018-07-05 13:58:15;"Evening Workout";"Tricep Kickback";1;25;lbs;8;;;0;"";
2018-07-05 13:58:15;"Evening Workout";"Tricep Kickback";2;25;lbs;10;;;0;;
2018-07-05 13:58:15;"Evening Workout";"Tricep Kickback";3;30;lbs;6;;;0;;
2018-07-05 13:58:15;"Evening Workout";"Tricep Pull-down";1;130;lbs;12;;;0;"";
2018-07-05 13:58:15;"Evening Workout";"Tricep Pull-down";2;150;lbs;12;;;0;;
2018-07-05 13:58:15;"Evening Workout";"Tricep Pull-down";3;160;lbs;12;;;0;;
2018-07-05 13:58:15;"Evening Workout";"Tricep Dip";1;0;lbs;12;;;0;"";
2018-07-05 13:58:15;"Evening Workout";"Tricep Dip";2;0;lbs;8;;;0;;
2018-07-05 13:58:15;"Evening Workout";"Tricep Dip";3;0;lbs;8;;;0;;
2018-07-05 13:58:15;"Evening Workout";"Bench Dips";1;25;lbs;20;;;0;"";
2018-06-30 15:49:06;"Afternoon Workout";"Squat";1;115;lbs;10;;;0;"";""
2018-06-30 15:49:06;"Afternoon Workout";"Squat";2;165;lbs;10;;;0;;
2018-06-30 15:49:06;"Afternoon Workout";"Squat";3;195;lbs;10;;;0;;
2018-06-30 15:49:06;"Afternoon Workout";"Squat";4;195;lbs;10;;;0;;
2018-06-30 15:49:06;"Afternoon Workout";"Calf Raise (With Decline) ";1;215;lbs;15;;;0;"";
2018-06-30 15:49:06;"Afternoon Workout";"Calf Raise (With Decline) ";2;265;lbs;15;;;0;;
2018-06-30 15:49:06;"Afternoon Workout";"Calf Raise (With Decline) ";3;285;lbs;15;;;0;;
2018-06-30 15:49:06;"Afternoon Workout";"Goblet Squat";1;50;lbs;10;;;0;"";
2018-06-30 15:49:06;"Afternoon Workout";"Goblet Squat";2;50;lbs;10;;;0;;
2018-06-30 15:49:06;"Afternoon Workout";"Goblet Squat";3;50;lbs;10;;;0;;
2018-06-30 15:49:06;"Afternoon Workout";"Leg Curl";1;150;lbs;10;;;0;"";
2018-06-30 15:49:06;"Afternoon Workout";"Leg Curl";2;150;lbs;10;;;0;;
2018-06-30 15:49:06;"Afternoon Workout";"Leg Curl";3;150;lbs;10;;;0;;
2018-06-30 15:49:06;"Afternoon Workout";"Leg Extension";1;140;lbs;10;;;0;"";
2018-06-30 15:49:06;"Afternoon Workout";"Leg Extension";2;150;lbs;8;;;0;;
2018-06-30 15:49:06;"Afternoon Workout";"Leg Extension";3;150;lbs;10;;;0;;
2018-06-30 15:49:06;"Afternoon Workout";"Crunch";1;;;20;;;0;"";
2018-06-30 15:49:06;"Afternoon Workout";"Crunch";2;;;15;;;0;;
2018-06-30 15:49:06;"Afternoon Workout";"Side Bend (decline) ";1;40;lbs;8;;;0;"";
2018-06-30 15:49:06;"Afternoon Workout";"Side Bend (decline) ";2;40;lbs;8;;;0;;
2018-06-29 14:00:12;"Evening Workout";"Lateral Raise (1 1/2)";1;20;lbs;4;;;0;"";""
2018-06-29 14:00:12;"Evening Workout";"Lateral Raise (1 1/2)";2;15;lbs;6;;;0;;
2018-06-29 14:00:12;"Evening Workout";"Lateral Raise (1 1/2)";3;15;lbs;6;;;0;;
2018-06-29 14:00:12;"Evening Workout";"Lateral Raise";1;40;lbs;10;;;0;"";
2018-06-29 14:00:12;"Evening Workout";"Lateral Raise";2;45;lbs;8;;;0;;
2018-06-29 14:00:12;"Evening Workout";"Lateral Raise";3;45;lbs;8;;;0;;
2018-06-29 14:00:12;"Evening Workout";"Reverse Fly";1;45;lbs;10;;;0;"";
2018-06-29 14:00:12;"Evening Workout";"Reverse Fly";2;45;lbs;10;;;0;;
2018-06-29 14:00:12;"Evening Workout";"Reverse Fly";3;45;lbs;8;;;0;;
2018-06-29 14:00:12;"Evening Workout";"Front Raise";1;25;lbs;10;;;0;"";
2018-06-29 14:00:12;"Evening Workout";"Front Raise";2;25;lbs;10;;;0;;
2018-06-29 14:00:12;"Evening Workout";"Front Raise";3;25;lbs;10;;;0;;
2018-06-29 14:00:12;"Evening Workout";"Upright Barbell Row";1;115;lbs;10;;;0;"";
2018-06-29 14:00:12;"Evening Workout";"Upright Barbell Row";2;135;lbs;10;;;0;;
2018-06-29 14:00:12;"Evening Workout";"Upright Barbell Row";3;145;lbs;8;;;0;;
2018-06-29 14:00:12;"Evening Workout";"Upright Barbell Row";4;145;lbs;6;;;0;;
2018-06-29 14:00:12;"Evening Workout";"Shoulder Press (Machine)";1;130;lbs;10;;;0;"";
2018-06-29 14:00:12;"Evening Workout";"Shoulder Press (Machine)";2;140;lbs;8;;;0;;
2018-06-29 14:00:12;"Evening Workout";"Shoulder Press (Machine)";3;140;lbs;6;;;0;;
2018-06-29 14:00:12;"Evening Workout";"Curl EZ (1 1/2)";1;65;lbs;6;;;0;"";
2018-06-29 14:00:12;"Evening Workout";"Curl EZ (1 1/2)";2;65;lbs;5;;;0;;
2018-06-29 14:00:12;"Evening Workout";"Shoulder Butterfly";1;30;lbs;10;;;0;"";
2018-06-29 14:00:12;"Evening Workout";"Shoulder Butterfly";2;30;lbs;10;;;0;;
2018-06-29 14:00:12;"Evening Workout";"Curl (EZ) ";1;65;lbs;10;;;0;"";
2018-06-29 14:00:12;"Evening Workout";"Curl (EZ) ";2;65;lbs;8;;;0;;
2018-06-26 14:27:13;"Afternoon Workout";"Lat Pulldown";1;100;lbs;10;;;0;"";""
2018-06-26 14:27:13;"Afternoon Workout";"Lat Pulldown";2;115;lbs;8;;;0;;
2018-06-26 14:27:13;"Afternoon Workout";"Lat Pulldown";3;130;lbs;6;;;0;;
2018-06-26 14:27:13;"Afternoon Workout";"Lat Pulldown";4;115;lbs;6;;;0;;
2018-06-26 14:27:13;"Afternoon Workout";"Lat Pulldown";5;100;lbs;8;;;0;;
2018-06-26 14:27:13;"Afternoon Workout";"Bent Over Row";1;115;lbs;10;;;0;"";
2018-06-26 14:27:13;"Afternoon Workout";"Bent Over Row";2;135;lbs;8;;;0;;
2018-06-26 14:27:13;"Afternoon Workout";"Bent Over Row";3;135;lbs;10;;;0;;
2018-06-26 14:27:13;"Afternoon Workout";"Reverse Grip Barbell Row";1;115;lbs;10;;;0;"";
2018-06-26 14:27:13;"Afternoon Workout";"Reverse Grip Barbell Row";2;135;lbs;6;;;0;;
2018-06-26 14:27:13;"Afternoon Workout";"Reverse Grip Barbell Row";3;115;lbs;8;;;0;;
2018-06-26 14:27:13;"Afternoon Workout";"Negative Pullups";1;0;lbs;3;;;0;"";
2018-06-26 14:27:13;"Afternoon Workout";"Negative Pullups";2;0;lbs;4;;;0;;
2018-06-26 14:27:13;"Afternoon Workout";"Negative Pullups";3;0;lbs;4;;;0;;
2018-06-26 14:27:13;"Afternoon Workout";"Reverse Grip Lat Pulldown ";1;100;lbs;10;;;0;"";
2018-06-26 14:27:13;"Afternoon Workout";"Reverse Grip Lat Pulldown ";2;115;lbs;6;;;0;;
2018-06-26 14:27:13;"Afternoon Workout";"Reverse Grip Lat Pulldown ";3;100;lbs;8;;;0;;
2018-06-26 14:27:13;"Afternoon Workout";"Back Extension";1;25;lbs;10;;;0;"";
2018-06-26 14:27:13;"Afternoon Workout";"Back Extension";2;45;lbs;8;;;0;;
2018-06-26 14:27:13;"Afternoon Workout";"Back Extension";3;45;lbs;8;;;0;;
2018-06-26 14:27:13;"Afternoon Workout";"Curl (EZ) ";1;55;lbs;10;;;0;"";
2018-06-26 14:27:13;"Afternoon Workout";"Curl (EZ) ";2;55;lbs;8;;;0;;
2018-06-26 14:27:13;"Afternoon Workout";"Curl (EZ) ";3;55;lbs;8;;;0;;
2018-06-26 14:27:13;"Afternoon Workout";"Curl EZ (1 1/2)";1;55;lbs;7;;;0;"";
2018-06-26 14:27:13;"Afternoon Workout";"Curl EZ (1 1/2)";2;55;lbs;6;;;0;;
2018-06-26 14:27:13;"Afternoon Workout";"Curl EZ (1 1/2)";3;55;lbs;6;;;0;;
2018-06-26 14:27:13;"Afternoon Workout";"TRX Lat Pull";1;0;lbs;15;;;0;"";
2018-06-26 14:27:13;"Afternoon Workout";"TRX Lat Pull";2;0;lbs;15;;;0;;
2018-06-26 14:27:13;"Afternoon Workout";"TRX Lat Pull";3;0;lbs;12;;;0;;
2018-06-26 14:27:13;"Afternoon Workout";"TRX Curl";1;0;lbs;12;;;0;"";
2018-06-26 14:27:13;"Afternoon Workout";"TRX Curl";2;0;lbs;10;;;0;;
2018-06-26 14:27:13;"Afternoon Workout";"TRX Curl";3;0;lbs;10;;;0;;
2018-06-26 14:27:13;"Afternoon Workout";"Crunch";1;;;20;;;0;"";
2018-06-26 14:27:13;"Afternoon Workout";"Crunch";2;;;12;;;0;;
2018-06-26 14:27:13;"Afternoon Workout";"Crunch";3;;;10;;;0;;
2018-06-26 14:27:13;"Afternoon Workout";"Russian Twist";1;;;30;;;0;"";
2018-06-26 14:27:13;"Afternoon Workout";"Russian Twist";2;;;30;;;0;;
2018-06-24 19:21:08;"Evening Workout";"Bench Press (Dumbbell)";1;45;lbs;8;;;0;"";""
2018-06-24 19:21:08;"Evening Workout";"Bench Press (Dumbbell)";2;55;lbs;8;;;0;;
2018-06-24 19:21:08;"Evening Workout";"Bench Press (Dumbbell)";3;60;lbs;4;;;0;;
2018-06-24 19:21:08;"Evening Workout";"Close Grip Bench Press";1;95;lbs;10;;;0;"";
2018-06-24 19:21:08;"Evening Workout";"Close Grip Bench Press";2;115;lbs;8;;;0;;
2018-06-24 19:21:08;"Evening Workout";"Close Grip Bench Press";3;115;lbs;8;;;0;;
2018-06-24 19:21:08;"Evening Workout";"Incline Press (Machine) ";1;160;lbs;8;;;0;"";
2018-06-24 19:21:08;"Evening Workout";"Incline Press (Machine) ";2;160;lbs;8;;;0;;
2018-06-24 19:21:08;"Evening Workout";"Incline Press (Machine) ";3;160;lbs;8;;;0;;
2018-06-24 19:21:08;"Evening Workout";"Bent Over Cable Fly";1;80;lbs;8;;;0;"";
2018-06-24 19:21:08;"Evening Workout";"Bent Over Cable Fly";2;80;lbs;8;;;0;;
2018-06-24 19:21:08;"Evening Workout";"Bent Over Cable Fly";3;80;lbs;8;;;0;;
2018-06-24 19:21:08;"Evening Workout";"Tricep Kickback";1;25;lbs;8;;;0;"";
2018-06-24 19:21:08;"Evening Workout";"Tricep Kickback";2;25;lbs;8;;;0;;
2018-06-24 19:21:08;"Evening Workout";"Tricep Kickback";3;25;lbs;6;;;0;;
2018-06-24 19:21:08;"Evening Workout";"Tricep Pull-down";1;150;lbs;10;;;0;"";
2018-06-24 19:21:08;"Evening Workout";"Tricep Pull-down";2;130;lbs;8;;;0;;
2018-06-24 19:21:08;"Evening Workout";"Tricep Pull-down";3;130;lbs;6;;;0;;
2018-06-23 16:01:03;"Afternoon Workout";"Squat";1;115;lbs;10;;;0;"";""
2018-06-23 16:01:03;"Afternoon Workout";"Squat";2;165;lbs;10;;;0;;
2018-06-23 16:01:03;"Afternoon Workout";"Squat";3;185;lbs;10;;;0;;
2018-06-23 16:01:03;"Afternoon Workout";"Squat";4;195;lbs;10;;;0;;
2018-06-23 16:01:03;"Afternoon Workout";"Calf Raise (With Decline) ";1;195;lbs;15;;;0;"";
2018-06-23 16:01:03;"Afternoon Workout";"Calf Raise (With Decline) ";2;255;lbs;15;;;0;;
2018-06-23 16:01:03;"Afternoon Workout";"Calf Raise (With Decline) ";3;275;lbs;18;;;0;;
2018-06-23 16:01:03;"Afternoon Workout";"Goblet Squat";1;50;lbs;10;;;0;"";
2018-06-23 16:01:03;"Afternoon Workout";"Goblet Squat";2;50;lbs;10;;;0;;
2018-06-23 16:01:03;"Afternoon Workout";"Goblet Squat";3;50;lbs;10;;;0;;
2018-06-23 16:01:03;"Afternoon Workout";"Leg Curl";1;150;lbs;10;;;0;"";
2018-06-23 16:01:03;"Afternoon Workout";"Leg Curl";2;150;lbs;10;;;0;;
2018-06-23 16:01:03;"Afternoon Workout";"Leg Curl";3;150;lbs;10;;;0;;
2018-06-23 16:01:03;"Afternoon Workout";"Leg Extension";1;130;lbs;10;;;0;"";
2018-06-23 16:01:03;"Afternoon Workout";"Leg Extension";2;140;lbs;10;;;0;;
2018-06-23 16:01:03;"Afternoon Workout";"Leg Extension";3;160;lbs;8;;;0;;
2018-06-23 16:01:03;"Afternoon Workout";"Crunch";1;;;20;;;0;"";
2018-06-23 16:01:03;"Afternoon Workout";"Crunch";2;;;20;;;0;;
2018-06-23 16:01:03;"Afternoon Workout";"Crunch";3;;;20;;;0;;
2018-06-23 16:01:03;"Afternoon Workout";"Side Bend (decline) ";1;40;lbs;8;;;0;"";
2018-06-23 16:01:03;"Afternoon Workout";"Side Bend (decline) ";2;40;lbs;8;;;0;;
2018-06-23 16:01:03;"Afternoon Workout";"Side Bend (decline) ";3;40;lbs;8;;;0;;
2018-06-20 13:07:33;"Evening Workout";"Lateral Raise (1 1/2)";1;20;lbs;6;;;0;"";""
2018-06-20 13:07:33;"Evening Workout";"Lateral Raise (1 1/2)";2;15;lbs;6;;;0;;
2018-06-20 13:07:33;"Evening Workout";"Lateral Raise (1 1/2)";3;15;lbs;6;;;0;;
2018-06-20 13:07:33;"Evening Workout";"Lateral Raise";1;45;lbs;8;;;0;"";
2018-06-20 13:07:33;"Evening Workout";"Lateral Raise";2;40;lbs;8;;;0;;
2018-06-20 13:07:33;"Evening Workout";"Lateral Raise";3;40;lbs;10;;;0;;
2018-06-20 13:07:33;"Evening Workout";"Reverse Fly";1;40;lbs;10;;;0;"";
2018-06-20 13:07:33;"Evening Workout";"Reverse Fly";2;45;lbs;8;;;0;;
2018-06-20 13:07:33;"Evening Workout";"Reverse Fly";3;45;lbs;6;;;0;;
2018-06-20 13:07:33;"Evening Workout";"Front Raise";1;20;lbs;10;;;0;"";
2018-06-20 13:07:33;"Evening Workout";"Front Raise";2;25;lbs;8;;;0;;
2018-06-20 13:07:33;"Evening Workout";"Front Raise";3;25;lbs;8;;;0;;
2018-06-20 13:07:33;"Evening Workout";"Upright Barbell Row";1;135;lbs;10;;;0;"";
2018-06-20 13:07:33;"Evening Workout";"Upright Barbell Row";2;145;lbs;10;;;0;;
2018-06-20 13:07:33;"Evening Workout";"Upright Barbell Row";3;145;lbs;8;;;0;;
2018-06-20 13:07:33;"Evening Workout";"Shoulder Press (Machine)";1;130;lbs;10;;;0;"";
2018-06-20 13:07:33;"Evening Workout";"Shoulder Press (Machine)";2;140;lbs;6;;;0;;
2018-06-20 13:07:33;"Evening Workout";"Shoulder Press (Machine)";3;140;lbs;6;;;0;;
2018-06-20 13:07:33;"Evening Workout";"Curl EZ (1 1/2)";1;55;lbs;6;;;0;"";
2018-06-20 13:07:33;"Evening Workout";"Curl EZ (1 1/2)";2;55;lbs;6;;;0;;
2018-06-20 13:07:33;"Evening Workout";"Shoulder Butterfly";1;20;lbs;12;;;0;"";
2018-06-20 13:07:33;"Evening Workout";"Shoulder Butterfly";2;25;lbs;12;;;0;;
2018-06-20 13:07:33;"Evening Workout";"Shoulder Butterfly";3;30;lbs;10;;;0;;
2018-06-20 13:07:33;"Evening Workout";"Curl (EZ) ";1;55;lbs;10;;;0;"";
2018-06-20 13:07:33;"Evening Workout";"Curl (EZ) ";2;55;lbs;8;;;0;;
2018-06-18 13:21:46;"Midday Workout";"Bent Over Row";1;115;lbs;10;;;0;"";""
2018-06-18 13:21:46;"Midday Workout";"Bent Over Row";2;135;lbs;10;;;0;;
2018-06-18 13:21:46;"Midday Workout";"Bent Over Row";3;145;lbs;8;;;0;;
2018-06-18 13:21:46;"Midday Workout";"Bent Over Row";4;145;lbs;8;;;0;;
2018-06-18 13:21:46;"Midday Workout";"Lat Pulldown";1;115;lbs;10;;;0;"";
2018-06-18 13:21:46;"Midday Workout";"Lat Pulldown";2;130;lbs;8;;;0;;
2018-06-18 13:21:46;"Midday Workout";"Lat Pulldown";3;130;lbs;8;;;0;;
2018-06-18 13:21:46;"Midday Workout";"Reverse Grip Lat Pulldown ";1;100;lbs;10;;;0;"";
2018-06-18 13:21:46;"Midday Workout";"Reverse Grip Lat Pulldown ";2;115;lbs;10;;;0;;
2018-06-18 13:21:46;"Midday Workout";"Reverse Grip Lat Pulldown ";3;130;lbs;6;;;0;;
2018-06-18 13:21:46;"Midday Workout";"Bent Over Row (Dumbbell)";1;45;lbs;8;;;0;"";
2018-06-18 13:21:46;"Midday Workout";"Bent Over Row (Dumbbell)";2;50;lbs;8;;;0;;
2018-06-18 13:21:46;"Midday Workout";"Bent Over Row (Dumbbell)";3;55;lbs;8;;;0;;
2018-06-18 13:21:46;"Midday Workout";"Seated Row";1;200;lbs;15;;;0;"";
2018-06-18 13:21:46;"Midday Workout";"Seated Row";2;200;lbs;15;;;0;;
2018-06-18 13:21:46;"Midday Workout";"Seated Row";3;200;lbs;15;;;0;;
2018-06-18 13:21:46;"Midday Workout";"Curl (EZ) ";1;45;lbs;10;;;0;"";
2018-06-18 13:21:46;"Midday Workout";"Curl (EZ) ";2;55;lbs;8;;;0;;
2018-06-18 13:21:46;"Midday Workout";"Curl (EZ) ";3;55;lbs;10;;;0;;
2018-06-18 13:21:46;"Midday Workout";"Curl EZ (1 1/2)";1;45;lbs;10;;;0;"";
2018-06-18 13:21:46;"Midday Workout";"Curl EZ (1 1/2)";2;55;lbs;8;;;0;;
2018-06-18 13:21:46;"Midday Workout";"Curl EZ (1 1/2)";3;55;lbs;6;;;0;;
2018-06-17 17:24:50;"Afternoon Workout";"Bench Press (Dumbbell)";1;45;lbs;10;;;0;"";""
2018-06-17 17:24:50;"Afternoon Workout";"Bench Press (Dumbbell)";2;50;lbs;8;;;0;;
2018-06-17 17:24:50;"Afternoon Workout";"Bench Press (Dumbbell)";3;55;lbs;8;;;0;;
2018-06-17 17:24:50;"Afternoon Workout";"Close Grip Bench Press";1;75;lbs;10;;;0;"";
2018-06-17 17:24:50;"Afternoon Workout";"Close Grip Bench Press";2;95;lbs;8;;;0;;
2018-06-17 17:24:50;"Afternoon Workout";"Close Grip Bench Press";3;105;lbs;6;;;0;;
2018-06-17 17:24:50;"Afternoon Workout";"Incline Press (Machine) ";1;150;lbs;8;;;0;"";
2018-06-17 17:24:50;"Afternoon Workout";"Incline Press (Machine) ";2;160;lbs;8;;;0;;
2018-06-17 17:24:50;"Afternoon Workout";"Incline Press (Machine) ";3;160;lbs;8;;;0;;
2018-06-15 18:05:43;"Evening Workout";"Lateral Raise (1 1/2)";1;20;lbs;6;;;0;"";""
2018-06-15 18:05:43;"Evening Workout";"Lateral Raise (1 1/2)";2;15;lbs;6;;;0;;
2018-06-15 18:05:43;"Evening Workout";"Lateral Raise (1 1/2)";3;15;lbs;6;;;0;;
2018-06-15 18:05:43;"Evening Workout";"Lateral Raise";1;40;lbs;10;;;0;"";
2018-06-15 18:05:43;"Evening Workout";"Lateral Raise";2;40;lbs;10;;;0;;
2018-06-15 18:05:43;"Evening Workout";"Lateral Raise";3;45;lbs;8;;;0;;
2018-06-15 18:05:43;"Evening Workout";"Reverse Fly";1;45;lbs;10;;;0;"";
2018-06-15 18:05:43;"Evening Workout";"Reverse Fly";2;45;lbs;8;;;0;;
2018-06-15 18:05:43;"Evening Workout";"Reverse Fly";3;45;lbs;8;;;0;;
2018-06-15 18:05:43;"Evening Workout";"Front Raise";1;15;lbs;10;;;0;"";
2018-06-15 18:05:43;"Evening Workout";"Front Raise";2;20;lbs;10;;;0;;
2018-06-15 18:05:43;"Evening Workout";"Front Raise";3;20;lbs;8;;;0;;
2018-06-15 18:05:43;"Evening Workout";"Squat";1;165;lbs;10;;;0;"";
2018-06-15 18:05:43;"Evening Workout";"Upright Barbell Row";1;115;lbs;12;;;0;"";
2018-06-15 18:05:43;"Evening Workout";"Upright Barbell Row";2;135;lbs;10;;;0;;
2018-06-15 18:05:43;"Evening Workout";"Upright Barbell Row";3;145;lbs;10;;;0;;
2018-06-15 18:05:43;"Evening Workout";"Shoulder Press (Machine)";1;120;lbs;10;;;0;"";
2018-06-15 18:05:43;"Evening Workout";"Shoulder Press (Machine)";2;130;lbs;8;;;0;;
2018-06-15 18:05:43;"Evening Workout";"Shoulder Press (Machine)";3;140;lbs;5;;;0;;
2018-06-15 18:05:43;"Evening Workout";"TRX Pull";1;;;15;;;0;"";
2018-06-15 18:05:43;"Evening Workout";"TRX Pull";2;;;15;;;0;;
2018-06-15 18:05:43;"Evening Workout";"TRX Pull";3;;;15;;;0;;
2018-06-15 18:05:43;"Evening Workout";"Curl EZ (1 1/2)";1;45;lbs;8;;;0;"";
2018-06-15 18:05:43;"Evening Workout";"Curl EZ (1 1/2)";2;45;lbs;8;;;0;;
2018-06-15 18:05:43;"Evening Workout";"Curl EZ (1 1/2)";3;45;lbs;8;;;0;;
2018-06-15 18:05:43;"Evening Workout";"Shoulder Butterfly";1;10;lbs;10;;;0;"";
2018-06-15 18:05:43;"Evening Workout";"Shoulder Butterfly";2;15;lbs;12;;;0;;
2018-06-15 18:05:43;"Evening Workout";"Shoulder Butterfly";3;20;lbs;10;;;0;;
2018-06-15 18:05:43;"Evening Workout";"Shoulder Butterfly";4;20;lbs;10;;;0;;
2018-06-14 14:34:18;"Afternoon Workout";"Bent Over Row";1;115;lbs;10;;;0;"";""
2018-06-14 14:34:18;"Afternoon Workout";"Bent Over Row";2;145;lbs;10;;;0;;
2018-06-14 14:34:18;"Afternoon Workout";"Bent Over Row";3;155;lbs;8;;;0;;
2018-06-14 14:34:18;"Afternoon Workout";"Bent Over Row";4;135;lbs;10;;;0;;
2018-06-14 14:34:18;"Afternoon Workout";"Upright Barbell Row";1;135;lbs;10;;;0;"";
2018-06-14 14:34:18;"Afternoon Workout";"Upright Barbell Row";2;145;lbs;10;;;0;;
2018-06-14 14:34:18;"Afternoon Workout";"Upright Barbell Row";3;155;lbs;6;;;0;;
2018-06-14 14:34:18;"Afternoon Workout";"Upright Barbell Row";4;115;lbs;10;;;0;;
2018-06-14 14:34:18;"Afternoon Workout";"Lat Pulldown";1;115;lbs;10;;;0;"";
2018-06-14 14:34:18;"Afternoon Workout";"Lat Pulldown";2;130;lbs;6;;;0;;
2018-06-14 14:34:18;"Afternoon Workout";"Lat Pulldown";3;130;lbs;8;;;0;;
2018-06-14 14:34:18;"Afternoon Workout";"Bent Over Row (Dumbbell)";1;60;lbs;8;;;0;"";
2018-06-14 14:34:18;"Afternoon Workout";"Bent Over Row (Dumbbell)";2;60;lbs;8;;;0;;
2018-06-14 14:34:18;"Afternoon Workout";"Bent Over Row (Dumbbell)";3;60;lbs;8;;;0;;
2018-06-14 14:34:18;"Afternoon Workout";"Seated Row";1;200;lbs;12;;;0;"";
2018-06-14 14:34:18;"Afternoon Workout";"Seated Row";2;200;lbs;12;;;0;;
2018-06-14 14:34:18;"Afternoon Workout";"Seated Row";3;200;lbs;12;;;0;;
2018-06-14 14:34:18;"Afternoon Workout";"Curl EZ (1 1/2)";1;55;lbs;6;;;0;"wide narrow alternating";
2018-06-14 14:34:18;"Afternoon Workout";"Curl EZ (1 1/2)";2;55;lbs;6;;;0;;
2018-06-14 14:34:18;"Afternoon Workout";"Curl EZ (1 1/2)";3;55;lbs;6;;;0;;
2018-06-14 14:34:18;"Afternoon Workout";"Curl EZ (1 1/2)";4;55;lbs;6;;;0;;
2018-06-12 13:51:45;"Midday Workout";"Squat";1;115;lbs;10;;;0;"";""
2018-06-12 13:51:45;"Midday Workout";"Squat";2;185;lbs;10;;;0;;
2018-06-12 13:51:45;"Midday Workout";"Squat";3;215;lbs;10;;;0;;
2018-06-12 13:51:45;"Midday Workout";"Squat";4;165;lbs;10;;;0;;
2018-06-12 13:51:45;"Midday Workout";"Calf Raise (With Decline) ";1;205;lbs;20;;;0;"";
2018-06-12 13:51:45;"Midday Workout";"Calf Raise (With Decline) ";2;275;lbs;15;;;0;;
2018-06-12 13:51:45;"Midday Workout";"Calf Raise (With Decline) ";3;275;lbs;15;;;0;;
2018-06-12 13:51:45;"Midday Workout";"Goblet Squat";1;50;lbs;10;;;0;"";
2018-06-12 13:51:45;"Midday Workout";"Goblet Squat";2;50;lbs;10;;;0;;
2018-06-12 13:51:45;"Midday Workout";"Goblet Squat";3;50;lbs;10;;;0;;
2018-06-12 13:51:45;"Midday Workout";"Lunge (Dumbbell)";1;30;lbs;6;;;0;"";
2018-06-11 14:01:03;"Afternoon Workout";"Bench Press";1;115;lbs;8;;;0;"";""
2018-06-11 14:01:03;"Afternoon Workout";"Bench Press";2;135;lbs;8;;;0;;
2018-06-11 14:01:03;"Afternoon Workout";"Bench Press";3;145;lbs;6;;;0;;
2018-06-11 14:01:03;"Afternoon Workout";"Close Grip Bench Press";1;115;lbs;8;;;0;"";
2018-06-11 14:01:03;"Afternoon Workout";"Close Grip Bench Press";2;115;lbs;6;;;0;;
2018-06-11 14:01:03;"Afternoon Workout";"Close Grip Bench Press";3;115;lbs;6;;;0;;
2018-06-11 14:01:03;"Afternoon Workout";"Incline Press (Machine) ";1;140;lbs;10;;;0;"";
2018-06-11 14:01:03;"Afternoon Workout";"Incline Press (Machine) ";2;150;lbs;8;;;0;;
2018-06-11 14:01:03;"Afternoon Workout";"Incline Press (Machine) ";3;160;lbs;8;;;0;;
2018-06-11 14:01:03;"Afternoon Workout";"Tricep Kickback";1;25;lbs;8;;;0;"";
2018-06-11 14:01:03;"Afternoon Workout";"Tricep Kickback";2;20;lbs;10;;;0;;
2018-06-11 14:01:03;"Afternoon Workout";"Tricep Kickback";3;25;lbs;8;;;0;;
2018-06-11 14:01:03;"Afternoon Workout";"Front Chest Raise";1;40;lbs;8;;;0;"";
2018-06-11 14:01:03;"Afternoon Workout";"Front Chest Raise";2;40;lbs;6;;;0;;
2018-06-11 14:01:03;"Afternoon Workout";"Front Chest Raise";3;40;lbs;6;;;0;;
2018-06-11 14:01:03;"Afternoon Workout";"Tricep Pull-down";1;140;lbs;15;;;0;"";
2018-06-11 14:01:03;"Afternoon Workout";"Tricep Pull-down";2;150;lbs;12;;;0;;
2018-06-11 14:01:03;"Afternoon Workout";"Tricep Pull-down";3;160;lbs;10;;;0;;
2018-06-11 14:01:03;"Afternoon Workout";"Bent Over Cable Fly";1;80;lbs;10;;;0;"";
2018-06-11 14:01:03;"Afternoon Workout";"Bent Over Cable Fly";2;90;lbs;6;;;0;;
2018-06-11 14:01:03;"Afternoon Workout";"Bent Over Cable Fly";3;90;lbs;5;;;0;;
2018-06-11 14:01:03;"Afternoon Workout";"Pectoral Fly";1;70;lbs;10;;;0;"";
2018-06-11 14:01:03;"Afternoon Workout";"Pectoral Fly";2;80;lbs;10;;;0;;
2018-06-11 14:01:03;"Afternoon Workout";"Pectoral Fly";3;80;lbs;8;;;0;;
2018-06-08 13:52:40;"Afternoon Workout";"Bent Over Row";1;115;lbs;10;;;0;"";""
2018-06-08 13:52:40;"Afternoon Workout";"Bent Over Row";2;165;lbs;8;;;0;;
2018-06-08 13:52:40;"Afternoon Workout";"Bent Over Row";3;135;lbs;10;;;0;;
2018-06-08 13:52:40;"Afternoon Workout";"Bent Over Row";4;135;lbs;10;;;0;;
2018-06-08 13:52:40;"Afternoon Workout";"Upright Barbell Row";1;135;lbs;8;;;0;"";
2018-06-08 13:52:40;"Afternoon Workout";"Upright Barbell Row";2;145;lbs;8;;;0;;
2018-06-08 13:52:40;"Afternoon Workout";"Upright Barbell Row";3;145;lbs;8;;;0;;
2018-06-08 13:52:40;"Afternoon Workout";"Upright Barbell Row";4;115;lbs;12;;;0;;
2018-06-08 13:52:40;"Afternoon Workout";"Lat Pulldown";1;130;lbs;8;;;0;"";
2018-06-08 13:52:40;"Afternoon Workout";"Lat Pulldown";2;115;lbs;10;;;0;;
2018-06-08 13:52:40;"Afternoon Workout";"Lat Pulldown";3;115;lbs;10;;;0;;
2018-06-08 13:52:40;"Afternoon Workout";"Bent Over Row (Dumbbell)";1;60;lbs;8;;;0;"";
2018-06-08 13:52:40;"Afternoon Workout";"Bent Over Row (Dumbbell)";2;60;lbs;8;;;0;;
2018-06-08 13:52:40;"Afternoon Workout";"Bent Over Row (Dumbbell)";3;60;lbs;8;;;0;;
2018-06-08 13:52:40;"Afternoon Workout";"Reverse Fly";1;40;lbs;10;;;0;"";
2018-06-08 13:52:40;"Afternoon Workout";"Reverse Fly";2;40;lbs;10;;;0;;
2018-06-08 13:52:40;"Afternoon Workout";"Reverse Fly";3;40;lbs;10;;;0;;
2018-06-08 13:52:40;"Afternoon Workout";"Lateral Raise (No Bend) ";1;20;lbs;10;;;0;"";
2018-06-08 13:52:40;"Afternoon Workout";"Lateral Raise (No Bend) ";2;20;lbs;10;;;0;;
2018-06-08 13:52:40;"Afternoon Workout";"Lateral Raise (1 1/2)";1;20;lbs;6;;;0;"";
2018-06-08 13:52:40;"Afternoon Workout";"Lateral Raise (1 1/2)";2;10;lbs;8;;;0;;
2018-06-08 13:52:40;"Afternoon Workout";"Front Raise";1;20;lbs;8;;;0;"";
2018-06-08 13:52:40;"Afternoon Workout";"Front Raise";2;20;lbs;8;;;0;;
2018-06-08 13:52:40;"Afternoon Workout";"Front Raise (1 1/2)";1;15;lbs;6;;;0;"";
2018-06-08 13:52:40;"Afternoon Workout";"TRX Pull";1;;;15;;;0;"";
2018-06-08 13:52:40;"Afternoon Workout";"TRX Pull";2;;;15;;;0;;
2018-06-08 13:52:40;"Afternoon Workout";"TRX Pull";3;;;15;;;0;;
2018-06-08 13:52:40;"Afternoon Workout";"Shrug (Dumbbell)";1;60;lbs;15;;;0;"";
2018-06-08 13:52:40;"Afternoon Workout";"Curl (EZ) ";1;55;lbs;10;;;0;"";
2018-06-08 13:52:40;"Afternoon Workout";"Curl (EZ) ";2;55;lbs;12;;;0;;
2018-06-08 13:52:40;"Afternoon Workout";"Curl (EZ) ";3;55;lbs;10;;;0;;
2018-06-08 13:52:40;"Afternoon Workout";"Curl (EZ) ";4;55;lbs;10;;;0;;
2018-06-06 11:42:35;"Afternoon Workout";"Bench Press";1;115;lbs;10;;;0;"";""
2018-06-06 11:42:35;"Afternoon Workout";"Bench Press";2;145;lbs;6;;;0;;
2018-06-06 11:42:35;"Afternoon Workout";"Bench Press";3;135;lbs;6;;;0;;
2018-06-06 11:42:35;"Afternoon Workout";"Close Grip Bench Press";1;95;lbs;10;;;0;"";
2018-06-06 11:42:35;"Afternoon Workout";"Close Grip Bench Press";2;105;lbs;8;;;0;;
2018-06-06 11:42:35;"Afternoon Workout";"Close Grip Bench Press";3;115;lbs;7;;;0;;
2018-06-06 11:42:35;"Afternoon Workout";"Incline Press (Machine) ";1;130;lbs;10;;;0;"";
2018-06-06 11:42:35;"Afternoon Workout";"Incline Press (Machine) ";2;140;lbs;8;;;0;;
2018-06-06 11:42:35;"Afternoon Workout";"Incline Press (Machine) ";3;150;lbs;8;;;0;;
2018-06-06 11:42:35;"Afternoon Workout";"Tricep Kickback";1;25;lbs;8;;;0;"";
2018-06-06 11:42:35;"Afternoon Workout";"Tricep Kickback";2;20;lbs;10;;;0;;
2018-06-06 11:42:35;"Afternoon Workout";"Tricep Kickback";3;25;lbs;8;;;0;;
2018-06-06 11:42:35;"Afternoon Workout";"Front Chest Raise";1;35;lbs;10;;;0;"";
2018-06-06 11:42:35;"Afternoon Workout";"Front Chest Raise";2;40;lbs;6;;;0;;
2018-06-06 11:42:35;"Afternoon Workout";"Front Chest Raise";3;40;lbs;6;;;0;;
2018-06-06 11:42:35;"Afternoon Workout";"Tricep Pull-down";1;130;lbs;10;;;0;"";
2018-06-06 11:42:35;"Afternoon Workout";"Tricep Pull-down";2;130;lbs;10;;;0;;
2018-06-06 11:42:35;"Afternoon Workout";"Tricep Pull-down";3;140;lbs;10;;;0;;
2018-06-06 11:42:35;"Afternoon Workout";"Bent Over Cable Fly";1;80;lbs;10;;;0;"";
2018-06-06 11:42:35;"Afternoon Workout";"Bent Over Cable Fly";2;80;lbs;10;;;0;;
2018-06-06 11:42:35;"Afternoon Workout";"Bent Over Cable Fly";3;90;lbs;8;;;0;;
2018-06-06 11:42:35;"Afternoon Workout";"Cavalier Cross";1;55;lbs;10;;;0;"";
2018-06-05 13:58:26;"Midday Workout";"Squat";1;115;lbs;10;;;0;"";""
2018-06-05 13:58:26;"Midday Workout";"Squat";2;185;lbs;10;;;0;;
2018-06-05 13:58:26;"Midday Workout";"Squat";3;215;lbs;10;;;0;;
2018-06-05 13:58:26;"Midday Workout";"Squat";4;235;lbs;6;;;0;;
2018-06-05 13:58:26;"Midday Workout";"Squat";5;235;lbs;6;;;0;;
2018-06-05 13:58:26;"Midday Workout";"Squat";6;165;lbs;12;;;0;;
2018-06-05 13:58:26;"Midday Workout";"Calf Raise (With Decline) ";1;205;lbs;15;;;0;"";
2018-06-05 13:58:26;"Midday Workout";"Calf Raise (With Decline) ";2;255;lbs;12;;;0;;
2018-06-05 13:58:26;"Midday Workout";"Calf Raise (With Decline) ";3;265;lbs;15;;;0;;
2018-06-05 13:58:26;"Midday Workout";"Calf Raise (With Decline) ";4;205;lbs;20;;;0;;
2018-06-05 13:58:26;"Midday Workout";"Goblet Squat";1;30;lbs;10;;;0;"";
2018-06-05 13:58:26;"Midday Workout";"Goblet Squat";2;40;lbs;10;;;0;;
2018-06-05 13:58:26;"Midday Workout";"Goblet Squat";3;50;lbs;10;;;0;;
2018-06-05 13:58:26;"Midday Workout";"Lunge (Dumbbell)";1;30;lbs;6;;;0;"";
2018-06-05 13:58:26;"Midday Workout";"Lunge (Dumbbell)";2;25;lbs;6;;;0;;
2018-06-05 13:58:26;"Midday Workout";"Lunge (Dumbbell)";3;20;lbs;6;;;0;;
2018-06-05 13:58:26;"Midday Workout";"Lunge (Dumbbell)";4;15;lbs;6;;;0;;
2018-06-05 13:58:26;"Midday Workout";"Lunge (Dumbbell)";5;10;lbs;6;;;0;;
2018-06-05 13:58:26;"Midday Workout";"Lunge (Dumbbell)";6;5;lbs;6;;;0;;
2018-06-05 13:58:26;"Midday Workout";"Reverse Lunge";1;5;lbs;6;;;0;"";
2018-06-05 13:58:26;"Midday Workout";"Reverse Lunge";2;10;lbs;6;;;0;;
2018-06-05 13:58:26;"Midday Workout";"Reverse Lunge";3;15;lbs;6;;;0;;
2018-06-05 13:58:26;"Midday Workout";"Reverse Lunge";4;20;lbs;6;;;0;;
2018-06-05 13:58:26;"Midday Workout";"Reverse Lunge";5;25;lbs;6;;;0;;
2018-06-05 13:58:26;"Midday Workout";"Reverse Lunge";6;30;lbs;6;;;0;;
2018-06-05 13:58:26;"Midday Workout";"Leg Curl";1;160;lbs;10;;;0;"";
2018-06-05 13:58:26;"Midday Workout";"Leg Curl";2;150;lbs;10;;;0;;
2018-06-05 13:58:26;"Midday Workout";"Leg Curl";3;140;lbs;10;;;0;;
2018-06-05 13:58:26;"Midday Workout";"Leg Extension";1;130;lbs;10;;;0;"";
2018-06-05 13:58:26;"Midday Workout";"Leg Extension";2;140;lbs;10;;;0;;
2018-06-05 13:58:26;"Midday Workout";"Leg Extension";3;150;lbs;10;;;0;;
2018-06-05 13:58:26;"Midday Workout";"Crunch";1;0;lbs;20;;;0;"";
2018-06-05 13:58:26;"Midday Workout";"Crunch";2;0;lbs;15;;;0;;
2018-06-05 13:58:26;"Midday Workout";"Crunch";3;0;lbs;10;;;0;;
2018-06-05 13:58:26;"Midday Workout";"Russian Twist";1;;;50;;;0;"";
2018-06-04 14:07:06;"Afternoon Workout";"Crunch";1;0;lbs;20;;;0;"";""
2018-06-04 14:07:06;"Afternoon Workout";"Crunch";2;0;lbs;20;;;0;;
2018-06-04 14:07:06;"Afternoon Workout";"Crunch";3;0;lbs;20;;;0;;
2018-06-04 14:07:06;"Afternoon Workout";"Bicycle Crunch";1;0;lbs;50;;;0;"";
2018-06-04 14:07:06;"Afternoon Workout";"Bicycle Crunch";2;0;lbs;50;;;0;;
2018-06-04 14:07:06;"Afternoon Workout";"Bicycle Crunch";3;0;lbs;50;;;0;;
2018-06-04 14:07:06;"Afternoon Workout";"Jackknife";1;0;lbs;10;;;0;"";
2018-06-04 14:07:06;"Afternoon Workout";"Jackknife";2;0;lbs;10;;;0;;
2018-06-04 14:07:06;"Afternoon Workout";"Jackknife";3;0;lbs;10;;;0;;
2018-06-04 14:07:06;"Afternoon Workout";"Mountain Climbers";1;;;40;;;0;"";
2018-06-04 14:07:06;"Afternoon Workout";"Mountain Climbers";2;;;40;;;0;;
2018-06-04 14:07:06;"Afternoon Workout";"Mountain Climbers";3;;;30;;;0;;
2018-06-03 17:44:50;"Afternoon Workout";"Bent Over Row";1;115;lbs;10;;;0;"";""
2018-06-03 17:44:50;"Afternoon Workout";"Bent Over Row";2;165;lbs;8;;;0;;
2018-06-03 17:44:50;"Afternoon Workout";"Bent Over Row";3;165;lbs;6;;;0;;
2018-06-03 17:44:50;"Afternoon Workout";"Bent Over Row";4;135;lbs;10;;;0;;
2018-06-03 17:44:50;"Afternoon Workout";"Upright Barbell Row";1;135;lbs;10;;;0;"";
2018-06-03 17:44:50;"Afternoon Workout";"Upright Barbell Row";2;165;lbs;8;;;0;;
2018-06-03 17:44:50;"Afternoon Workout";"Upright Barbell Row";3;155;lbs;6;;;0;;
2018-06-03 17:44:50;"Afternoon Workout";"Upright Barbell Row";4;115;lbs;10;;;0;;
2018-06-03 17:44:50;"Afternoon Workout";"Lat Pulldown";1;115;lbs;10;;;0;"";
2018-06-03 17:44:50;"Afternoon Workout";"Lat Pulldown";2;130;lbs;8;;;0;;
2018-06-03 17:44:50;"Afternoon Workout";"Lat Pulldown";3;130;lbs;8;;;0;;
2018-06-03 17:44:50;"Afternoon Workout";"Seated Row";1;160;lbs;10;;;0;"";
2018-06-03 17:44:50;"Afternoon Workout";"Seated Row";2;200;lbs;12;;;0;;
2018-06-03 17:44:50;"Afternoon Workout";"Seated Row";3;200;lbs;12;;;0;;
2018-06-03 17:44:50;"Afternoon Workout";"Bent Over Row (Dumbbell)";1;65;lbs;6;;;0;"";
2018-06-03 17:44:50;"Afternoon Workout";"Bent Over Row (Dumbbell)";2;60;lbs;6;;;0;;
2018-06-03 17:44:50;"Afternoon Workout";"Bent Over Row (Dumbbell)";3;60;lbs;6;;;0;;
2018-06-03 17:44:50;"Afternoon Workout";"Concentration Curl";1;30;lbs;6;;;0;"";
2018-06-03 17:44:50;"Afternoon Workout";"Concentration Curl";2;30;lbs;6;;;0;;
2018-06-03 17:44:50;"Afternoon Workout";"Concentration Curl";3;30;lbs;6;;;0;;
2018-06-03 17:44:50;"Afternoon Workout";"TRX Curl";1;0;lbs;15;;;0;"";
2018-06-03 17:44:50;"Afternoon Workout";"TRX Curl";2;0;lbs;15;;;0;;
2018-06-03 17:44:50;"Afternoon Workout";"TRX Curl";3;0;lbs;15;;;0;;
2018-06-03 17:44:50;"Afternoon Workout";"Crunch";1;0;lbs;20;;;0;"";
2018-06-02 14:25:00;"Afternoon Workout";"Bench Press";1;115;lbs;10;;;0;"";""
2018-06-02 14:25:00;"Afternoon Workout";"Bench Press";2;135;lbs;8;;;0;;
2018-06-02 14:25:00;"Afternoon Workout";"Bench Press";3;145;lbs;6;;;0;;
2018-06-02 14:25:00;"Afternoon Workout";"Bench Press";4;135;lbs;6;;;0;;
2018-06-02 14:25:00;"Afternoon Workout";"Bench Press";5;115;lbs;10;;;0;;
2018-06-02 14:25:00;"Afternoon Workout";"Close Grip Bench Press";1;75;lbs;12;;;0;"";
2018-06-02 14:25:00;"Afternoon Workout";"Close Grip Bench Press";2;95;lbs;10;;;0;;
2018-06-02 14:25:00;"Afternoon Workout";"Close Grip Bench Press";3;105;lbs;8;;;0;;
2018-06-02 14:25:00;"Afternoon Workout";"Incline Press (Machine) ";1;100;lbs;12;;;0;"";
2018-06-02 14:25:00;"Afternoon Workout";"Incline Press (Machine) ";2;120;lbs;8;;;0;;
2018-06-02 14:25:00;"Afternoon Workout";"Incline Press (Machine) ";3;130;lbs;8;;;0;;
2018-06-02 14:25:00;"Afternoon Workout";"Tricep Kickback";1;10;lbs;12;;;0;"";
2018-06-02 14:25:00;"Afternoon Workout";"Tricep Kickback";2;20;lbs;10;;;0;;
2018-06-02 14:25:00;"Afternoon Workout";"Tricep Kickback";3;25;lbs;8;;;0;;
2018-06-02 14:25:00;"Afternoon Workout";"Tricep Dip";1;0;lbs;10;;;0;"";
2018-06-02 14:25:00;"Afternoon Workout";"Tricep Dip";2;0;lbs;20;;;0;;
2018-06-02 14:25:00;"Afternoon Workout";"Tricep Dip";3;0;lbs;20;;;0;;
2018-06-02 14:25:00;"Afternoon Workout";"Front Chest Raise";1;35;lbs;8;;;0;"";
2018-06-02 14:25:00;"Afternoon Workout";"Front Chest Raise";2;35;lbs;10;;;0;;
2018-06-02 14:25:00;"Afternoon Workout";"Front Chest Raise";3;40;lbs;6;;;0;;
2018-06-02 14:25:00;"Afternoon Workout";"Reverse Fly";1;40;lbs;10;;;0;"";
2018-06-02 14:25:00;"Afternoon Workout";"Reverse Fly";2;40;lbs;10;;;0;;
2018-06-02 14:25:00;"Afternoon Workout";"Reverse Fly";3;45;lbs;8;;;0;;
2018-06-02 14:25:00;"Afternoon Workout";"Lateral Raise";1;40;lbs;8;;;0;"";
2018-06-02 14:25:00;"Afternoon Workout";"Lateral Raise";2;40;lbs;8;;;0;;
2018-06-02 14:25:00;"Afternoon Workout";"Lateral Raise";3;40;lbs;8;;;0;;
2018-06-02 14:25:00;"Afternoon Workout";"Tricep Pull-down";1;130;lbs;12;;;0;"";
2018-06-02 14:25:00;"Afternoon Workout";"Tricep Pull-down";2;130;lbs;10;;;0;;
2018-06-02 14:25:00;"Afternoon Workout";"Tricep Pull-down";3;130;lbs;10;;;0;;
2018-06-01 18:17:33;"Evening Workout";"Squat";1;115;lbs;10;;;0;"";""
2018-06-01 18:17:33;"Evening Workout";"Squat";2;165;lbs;12;;;0;;
2018-06-01 18:17:33;"Evening Workout";"Squat";3;215;lbs;10;;;0;;
2018-06-01 18:17:33;"Evening Workout";"Squat";4;215;lbs;10;;;0;;
2018-06-01 18:17:33;"Evening Workout";"Squat";5;165;lbs;12;;;0;;
2018-06-01 18:17:33;"Evening Workout";"Squat";6;165;lbs;12;;;0;;
2018-06-01 18:17:33;"Evening Workout";"Calf Raise (With Decline) ";1;165;lbs;25;;;0;"";
2018-06-01 18:17:33;"Evening Workout";"Calf Raise (With Decline) ";2;215;lbs;20;;;0;;
2018-06-01 18:17:33;"Evening Workout";"Calf Raise (With Decline) ";3;235;lbs;20;;;0;;
2018-06-01 18:17:33;"Evening Workout";"Calf Raise (With Decline) ";4;215;lbs;20;;;0;;
2018-06-01 18:17:33;"Evening Workout";"Leg Curl";1;150;lbs;10;;;0;"";
2018-06-01 18:17:33;"Evening Workout";"Leg Curl";2;150;lbs;12;;;0;;
2018-06-01 18:17:33;"Evening Workout";"Leg Curl";3;160;lbs;10;;;0;;
2018-06-01 18:17:33;"Evening Workout";"Leg Extension";1;160;lbs;10;;;0;"";
2018-06-01 18:17:33;"Evening Workout";"Leg Extension";2;160;lbs;10;;;0;;
2018-06-01 18:17:33;"Evening Workout";"Leg Extension";3;160;lbs;10;;;0;;
2018-06-01 18:17:33;"Evening Workout";"Crunch";1;0;lbs;20;;;0;"";
2018-06-01 18:17:33;"Evening Workout";"Crunch";2;0;lbs;15;;;0;;
2018-06-01 18:17:33;"Evening Workout";"Crunch";3;0;lbs;15;;;0;;
2018-06-01 18:17:33;"Evening Workout";"Bicycle Crunch";1;0;lbs;50;;;0;"";
2018-06-01 18:17:33;"Evening Workout";"Bicycle Crunch";2;0;lbs;40;;;0;;
2018-05-31 13:44:59;"Midday Workout";"Bent Over Row";1;115;lbs;10;;;0;"";""
2018-05-31 13:44:59;"Midday Workout";"Bent Over Row";2;135;lbs;8;;;0;;
2018-05-31 13:44:59;"Midday Workout";"Bent Over Row";3;155;lbs;6;;;0;;
2018-05-31 13:44:59;"Midday Workout";"Bent Over Row (Olympic) ";1;125;lbs;10;;;0;"";
2018-05-31 13:44:59;"Midday Workout";"Bent Over Row (Olympic) ";2;125;lbs;10;;;0;;
2018-05-31 13:44:59;"Midday Workout";"Bent Over Row (Olympic) ";3;125;lbs;8;;;0;;
2018-05-31 13:44:59;"Midday Workout";"Bent Over Row (Olympic) ";4;85;lbs;10;;;0;;
2018-05-31 13:44:59;"Midday Workout";"Upright Barbell Row";1;115;lbs;10;;;0;"";
2018-05-31 13:44:59;"Midday Workout";"Upright Barbell Row";2;155;lbs;6;;;0;;
2018-05-31 13:44:59;"Midday Workout";"Upright Barbell Row";3;135;lbs;10;;;0;;
2018-05-31 13:44:59;"Midday Workout";"Upright Barbell Row";4;135;lbs;8;;;0;;
2018-05-31 13:44:59;"Midday Workout";"Lat Pulldown";1;100;lbs;12;;;0;"";
2018-05-31 13:44:59;"Midday Workout";"Lat Pulldown";2;115;lbs;10;;;0;;
2018-05-31 13:44:59;"Midday Workout";"Lat Pulldown";3;130;lbs;6;;;0;;
2018-05-31 13:44:59;"Midday Workout";"Lat Pulldown";4;115;lbs;10;;;0;;
2018-05-31 13:44:59;"Midday Workout";"Bent Over Row (One Arm - Rack) ";1;65;lbs;10;;;0;"";
2018-05-31 13:44:59;"Midday Workout";"Bent Over Row (One Arm - Rack) ";2;75;lbs;8;;;0;;
2018-05-31 13:44:59;"Midday Workout";"Bent Over Row (One Arm - Rack) ";3;75;lbs;6;;;0;;
2018-05-31 13:44:59;"Midday Workout";"Reverse Fly";1;45;lbs;8;;;0;"";
2018-05-31 13:44:59;"Midday Workout";"Reverse Fly";2;45;lbs;6;;;0;;
2018-05-31 13:44:59;"Midday Workout";"Reverse Fly";3;45;lbs;6;;;0;;
2018-05-31 13:44:59;"Midday Workout";"Lateral Raise (No Bend) ";1;20;lbs;8;;;0;"";
2018-05-31 13:44:59;"Midday Workout";"Lateral Raise (No Bend) ";2;20;lbs;8;;;0;;
2018-05-31 13:44:59;"Midday Workout";"Lateral Raise (No Bend) ";3;20;lbs;8;;;0;;
2018-05-31 13:44:59;"Midday Workout";"Front Raise";1;25;lbs;8;;;0;"";
2018-05-31 13:44:59;"Midday Workout";"Front Raise";2;25;lbs;8;;;0;;
2018-05-31 13:44:59;"Midday Workout";"Front Raise";3;25;lbs;8;;;0;;
2018-05-31 13:44:59;"Midday Workout";"Concentration Curl";1;25;lbs;8;;;0;"";
2018-05-31 13:44:59;"Midday Workout";"Concentration Curl";2;30;lbs;5;;;0;;
2018-05-31 13:44:59;"Midday Workout";"Concentration Curl";3;25;lbs;6;;;0;;
2018-05-31 13:44:59;"Midday Workout";"TRX Curl";1;0;lbs;8;;;0;"";
2018-05-31 13:44:59;"Midday Workout";"TRX Curl";2;0;lbs;8;;;0;;
2018-05-31 13:44:59;"Midday Workout";"TRX Curl";3;0;lbs;10;;;0;;
2018-05-31 13:44:59;"Midday Workout";"TRX Curl";4;0;lbs;8;;;0;;
2018-05-29 15:29:55;"Afternoon Workout";"Lat Pulldown";1;85;lbs;10;;;0;"";""
2018-05-29 15:29:55;"Afternoon Workout";"Lat Pulldown";2;100;lbs;10;;;0;;
2018-05-29 15:29:55;"Afternoon Workout";"Lat Pulldown";3;115;lbs;8;;;0;;
2018-05-29 15:29:55;"Afternoon Workout";"Bent Over Row (Dumbbell)";1;60;lbs;10;;;0;"";
2018-05-29 15:29:55;"Afternoon Workout";"Bent Over Row (Dumbbell)";2;60;lbs;10;;;0;;
2018-05-29 15:29:55;"Afternoon Workout";"Bent Over Row (Dumbbell)";3;65;lbs;6;;;0;;
2018-05-29 15:29:55;"Afternoon Workout";"Seated Row";1;200;lbs;15;;;0;"";
2018-05-29 15:29:55;"Afternoon Workout";"Seated Row";2;200;lbs;15;;;0;;
2018-05-29 15:29:55;"Afternoon Workout";"Seated Row";3;200;lbs;12;;;0;;
2018-05-29 15:29:55;"Afternoon Workout";"Curl (EZ) ";1;45;lbs;10;;;0;"";
2018-05-29 15:29:55;"Afternoon Workout";"Curl (EZ) ";2;55;lbs;10;;;0;;
2018-05-29 15:29:55;"Afternoon Workout";"Curl (EZ) ";3;55;lbs;10;;;0;;
2018-05-29 15:29:55;"Afternoon Workout";"Curl (EZ) ";4;65;lbs;8;;;0;;
2018-05-29 15:29:55;"Afternoon Workout";"Curl (EZ) ";5;65;lbs;8;;;0;;
2018-05-29 15:29:55;"Afternoon Workout";"Bent Over Row";1;115;lbs;10;;;0;"";
2018-05-29 15:29:55;"Afternoon Workout";"Bent Over Row";2;155;lbs;8;;;0;;
2018-05-29 15:29:55;"Afternoon Workout";"Bent Over Row";3;135;lbs;10;;;0;;
2018-05-29 15:29:55;"Afternoon Workout";"Bent Over Row";4;115;lbs;12;;;0;;
2018-05-29 15:29:55;"Afternoon Workout";"Bent Over Row";5;115;lbs;10;;;0;;
2018-05-29 15:29:55;"Afternoon Workout";"TRX Curl";1;0;lbs;15;;;0;"";
2018-05-29 15:29:55;"Afternoon Workout";"TRX Curl";2;0;lbs;12;;;0;;
2018-05-29 15:29:55;"Afternoon Workout";"TRX Curl";3;0;lbs;12;;;0;;
2018-05-28 13:29:58;"Midday Workout";"Squat";1;115;lbs;12;;;0;"";""
2018-05-28 13:29:58;"Midday Workout";"Squat";2;165;lbs;10;;;0;;
2018-05-28 13:29:58;"Midday Workout";"Squat";3;215;lbs;8;;;0;;
2018-05-28 13:29:58;"Midday Workout";"Squat";4;165;lbs;12;;;0;;
2018-05-28 13:29:58;"Midday Workout";"Squat";5;165;lbs;10;;;0;;
2018-05-28 13:29:58;"Midday Workout";"Standing Calf Raise";1;165;lbs;25;;;0;"";
2018-05-28 13:29:58;"Midday Workout";"Standing Calf Raise";2;215;lbs;25;;;0;;
2018-05-28 13:29:58;"Midday Workout";"Standing Calf Raise";3;255;lbs;20;;;0;;
2018-05-28 13:29:58;"Midday Workout";"Standing Calf Raise";4;275;lbs;20;;;0;;
2018-05-28 13:29:58;"Midday Workout";"Standing Calf Raise";5;205;lbs;20;;;0;;
2018-05-28 13:29:58;"Midday Workout";"Leg Curl";1;150;lbs;12;;;0;"";
2018-05-28 13:29:58;"Midday Workout";"Leg Curl";2;160;lbs;12;;;0;;
2018-05-28 13:29:58;"Midday Workout";"Leg Curl";3;160;lbs;12;;;0;;
2018-05-28 13:29:58;"Midday Workout";"Leg Extension";1;150;lbs;10;;;0;"";
2018-05-28 13:29:58;"Midday Workout";"Leg Extension";2;150;lbs;12;;;0;;
2018-05-28 13:29:58;"Midday Workout";"Leg Extension";3;150;lbs;12;;;0;;
2018-05-28 13:29:58;"Midday Workout";"Sit Up";1;22;lbs;25;;;0;"";
2018-05-28 13:29:58;"Midday Workout";"Sit Up";2;33;lbs;15;;;0;;
2018-05-28 13:29:58;"Midday Workout";"Sit Up";3;33;lbs;12;;;0;;
2018-05-28 13:29:58;"Midday Workout";"Reverse Crunch";1;0;lbs;15;;;0;"";
2018-05-28 13:29:58;"Midday Workout";"Reverse Crunch";2;0;lbs;10;;;0;;
2018-05-28 13:29:58;"Midday Workout";"Reverse Fly";1;40;lbs;10;;;0;"";
2018-05-28 13:29:58;"Midday Workout";"Reverse Fly";2;45;lbs;8;;;0;;
2018-05-28 13:29:58;"Midday Workout";"Reverse Fly";3;45;lbs;8;;;0;;
2018-05-28 13:29:58;"Midday Workout";"Lateral Raise";1;35;lbs;10;;;0;"";
2018-05-28 13:29:58;"Midday Workout";"Lateral Raise";2;40;lbs;6;;;0;;
2018-05-28 13:29:58;"Midday Workout";"Lateral Raise";3;40;lbs;8;;;0;;
2018-05-26 17:45:21;"Afternoon Workout";"Bench Press";1;75;lbs;12;;;0;"";""
2018-05-26 17:45:21;"Afternoon Workout";"Bench Press";2;115;lbs;10;;;0;;
2018-05-26 17:45:21;"Afternoon Workout";"Bench Press";3;125;lbs;10;;;0;;
2018-05-26 17:45:21;"Afternoon Workout";"Bench Press";4;135;lbs;5;;;0;;
2018-05-26 17:45:21;"Afternoon Workout";"Bent Over Row";1;115;lbs;12;;;0;"";
2018-05-26 17:45:21;"Afternoon Workout";"Bent Over Row";2;135;lbs;10;;;0;;
2018-05-26 17:45:21;"Afternoon Workout";"Bent Over Row";3;155;lbs;8;;;0;;
2018-05-26 17:45:21;"Afternoon Workout";"Bent Over Row";4;155;lbs;8;;;0;;
2018-05-26 17:45:21;"Afternoon Workout";"Upright Barbell Row";1;115;lbs;10;;;0;"";
2018-05-26 17:45:21;"Afternoon Workout";"Upright Barbell Row";2;155;lbs;10;;;0;;
2018-05-26 17:45:21;"Afternoon Workout";"Upright Barbell Row";3;155;lbs;10;;;0;;
2018-05-26 17:45:21;"Afternoon Workout";"Upright Barbell Row";4;115;lbs;12;;;0;;
2018-05-26 17:45:21;"Afternoon Workout";"Bent Over Row (Dumbbell)";1;60;lbs;8;;;0;"";
2018-05-26 17:45:21;"Afternoon Workout";"Bent Over Row (Dumbbell)";2;60;lbs;8;;;0;;
2018-05-26 17:45:21;"Afternoon Workout";"Bent Over Row (Dumbbell)";3;60;lbs;8;;;0;;
2018-05-26 17:45:21;"Afternoon Workout";"Skullcrushers";1;50;lbs;10;;;0;"";
2018-05-26 17:45:21;"Afternoon Workout";"Skullcrushers";2;50;lbs;8;;;0;;
2018-05-26 17:45:21;"Afternoon Workout";"Skullcrushers";3;50;lbs;6;;;0;;
2018-05-26 17:45:21;"Afternoon Workout";"Seated Row";1;200;lbs;15;;;0;"";
2018-05-26 17:45:21;"Afternoon Workout";"Seated Row";2;200;lbs;15;;;0;;
2018-05-26 17:45:21;"Afternoon Workout";"Seated Row";3;200;lbs;15;;;0;;
2018-05-26 17:45:21;"Afternoon Workout";"Bent Over Cable Fly";1;90;lbs;10;;;0;"";
2018-05-26 17:45:21;"Afternoon Workout";"Bent Over Cable Fly";2;90;lbs;10;;;0;;
2018-05-26 17:45:21;"Afternoon Workout";"Bent Over Cable Fly";3;70;lbs;12;;;0;;
2018-05-26 17:45:21;"Afternoon Workout";"Tricep Pull-down";1;140;lbs;12;;;0;"";
2018-05-26 17:45:21;"Afternoon Workout";"Tricep Dip";1;0;lbs;10;;;0;"";
2018-05-26 17:45:21;"Afternoon Workout";"Tricep Dip";2;0;lbs;10;;;0;;
2018-05-26 17:45:21;"Afternoon Workout";"Tricep Dip";3;0;lbs;20;;;0;;
2018-05-25 13:00:46;"Midday Workout";"Squat";1;115;lbs;12;;;0;"";""
2018-05-25 13:00:46;"Midday Workout";"Squat";2;215;lbs;10;;;0;;
2018-05-25 13:00:46;"Midday Workout";"Squat";3;235;lbs;10;;;0;;
2018-05-25 13:00:46;"Midday Workout";"Squat";4;235;lbs;10;;;0;;
2018-05-25 13:00:46;"Midday Workout";"Squat";5;185;lbs;12;;;0;;
2018-05-25 13:00:46;"Midday Workout";"Squat";6;165;lbs;12;;;0;;
2018-05-25 13:00:46;"Midday Workout";"Squat";7;115;lbs;20;;;0;;
2018-05-25 13:00:46;"Midday Workout";"Standing Calf Raise";1;165;lbs;20;;;0;"";
2018-05-25 13:00:46;"Midday Workout";"Standing Calf Raise";2;215;lbs;20;;;0;;
2018-05-25 13:00:46;"Midday Workout";"Standing Calf Raise";3;265;lbs;20;;;0;;
2018-05-25 13:00:46;"Midday Workout";"Standing Calf Raise";4;265;lbs;20;;;0;;
2018-05-25 13:00:46;"Midday Workout";"Standing Calf Raise";5;165;lbs;30;;;0;;
2018-05-25 13:00:46;"Midday Workout";"Standing Calf Raise";6;165;lbs;30;;;0;;
2018-05-25 13:00:46;"Midday Workout";"Leg Curl";1;160;lbs;12;;;0;"";
2018-05-25 13:00:46;"Midday Workout";"Leg Curl";2;160;lbs;12;;;0;;
2018-05-25 13:00:46;"Midday Workout";"Leg Curl";3;160;lbs;12;;;0;;
2018-05-25 13:00:46;"Midday Workout";"Leg Extension";1;160;lbs;12;;;0;"";
2018-05-25 13:00:46;"Midday Workout";"Leg Extension";2;160;lbs;12;;;0;;
2018-05-25 13:00:46;"Midday Workout";"Leg Extension";3;160;lbs;12;;;0;;
2018-05-25 13:00:46;"Midday Workout";"Sit Up";1;22;lbs;25;;;0;"";
2018-05-25 13:00:46;"Midday Workout";"Sit Up";2;22;lbs;25;;;0;;
2018-05-25 13:00:46;"Midday Workout";"Sit Up";3;22;lbs;20;;;0;;
2018-05-25 13:00:46;"Midday Workout";"Reverse Crunch";1;0;lbs;15;;;0;"";
2018-05-25 13:00:46;"Midday Workout";"Reverse Crunch";2;0;lbs;15;;;0;;
2018-05-25 13:00:46;"Midday Workout";"Reverse Crunch";3;0;lbs;20;;;0;;
2018-05-25 13:00:46;"Midday Workout";"Bicycle Crunch";1;0;lbs;70;;;0;"";
2018-05-25 13:00:46;"Midday Workout";"Bicycle Crunch";2;0;lbs;60;;;0;;
2018-05-25 13:00:46;"Midday Workout";"Bicycle Crunch";3;0;lbs;60;;;0;;
2018-05-25 13:00:46;"Midday Workout";"Plank";1;;;;;;60;"";
2018-05-23 11:46:22;"Morning Workout";"Lat Pulldown";1;130;lbs;10;;;0;"";""
2018-05-23 11:46:22;"Morning Workout";"Lat Pulldown";2;130;lbs;10;;;0;;
2018-05-23 11:46:22;"Morning Workout";"Lat Pulldown";3;130;lbs;10;;;0;;
2018-05-23 11:46:22;"Morning Workout";"Bent Over Row (Dumbbell)";1;60;lbs;10;;;0;"";
2018-05-23 11:46:22;"Morning Workout";"Bent Over Row (Dumbbell)";2;65;lbs;8;;;0;;
2018-05-23 11:46:22;"Morning Workout";"Bent Over Row (Dumbbell)";3;65;lbs;8;;;0;;
2018-05-23 11:46:22;"Morning Workout";"Bent Over Row";1;165;lbs;8;;;0;"";
2018-05-23 11:46:22;"Morning Workout";"Bent Over Row";2;115;lbs;12;;;0;;
2018-05-23 11:46:22;"Morning Workout";"Bent Over Row";3;125;lbs;12;;;0;;
2018-05-23 11:46:22;"Morning Workout";"Bent Over Row";4;135;lbs;10;;;0;;
2018-05-23 11:46:22;"Morning Workout";"Upright Barbell Row";1;165;lbs;10;;;0;"";
2018-05-23 11:46:22;"Morning Workout";"Upright Barbell Row";2;135;lbs;12;;;0;;
2018-05-23 11:46:22;"Morning Workout";"Upright Barbell Row";3;145;lbs;10;;;0;;
2018-05-23 11:46:22;"Morning Workout";"Upright Barbell Row";4;115;lbs;12;;;0;;
2018-05-23 11:46:22;"Morning Workout";"Seated Row";1;200;lbs;15;;;0;"number 4 height";
2018-05-23 11:46:22;"Morning Workout";"Seated Row";2;200;lbs;15;;;0;;
2018-05-23 11:46:22;"Morning Workout";"Seated Row";3;200;lbs;15;;;0;;
2018-05-23 11:46:22;"Morning Workout";"Reverse Fly";1;45;lbs;10;;;0;"reducsd weight to fix form";
2018-05-23 11:46:22;"Morning Workout";"Reverse Fly";2;40;lbs;10;;;0;;
2018-05-23 11:46:22;"Morning Workout";"Reverse Fly";3;40;lbs;10;;;0;;
2018-05-23 11:46:22;"Morning Workout";"Lateral Raise";1;40;lbs;10;;;0;"";
2018-05-23 11:46:22;"Morning Workout";"Lateral Raise";2;35;lbs;10;;;0;;
2018-05-23 11:46:22;"Morning Workout";"Lateral Raise";3;35;lbs;11;;;0;;
2018-05-23 11:46:22;"Morning Workout";"TRX Curl";1;0;lbs;15;;;0;"";
2018-05-23 11:46:22;"Morning Workout";"TRX Curl";2;0;lbs;12;;;0;;
2018-05-23 11:46:22;"Morning Workout";"TRX Curl";3;0;lbs;12;;;0;;
2018-05-22 13:14:52;"Midday Workout";"Squat";1;115;lbs;12;;;0;"";""
2018-05-22 13:14:52;"Midday Workout";"Squat";2;205;lbs;12;;;0;;
2018-05-22 13:14:52;"Midday Workout";"Squat";3;255;lbs;12;;;0;;
2018-05-22 13:14:52;"Midday Workout";"Squat";4;275;lbs;10;;;0;;
2018-05-22 13:14:52;"Midday Workout";"Squat";5;205;lbs;12;;;0;;
2018-05-22 13:14:52;"Midday Workout";"Squat";6;165;lbs;12;;;0;;
2018-05-22 13:14:52;"Midday Workout";"Squat";7;115;lbs;20;;;0;;
2018-05-22 13:14:52;"Midday Workout";"Standing Calf Raise";1;255;lbs;20;;;0;"";
2018-05-22 13:14:52;"Midday Workout";"Standing Calf Raise";2;275;lbs;20;;;0;;
2018-05-22 13:14:52;"Midday Workout";"Standing Calf Raise";3;285;lbs;20;;;0;;
2018-05-22 13:14:52;"Midday Workout";"Leg Curl";1;150;lbs;15;;;0;"";
2018-05-22 13:14:52;"Midday Workout";"Leg Curl";2;160;lbs;10;;;0;;
2018-05-22 13:14:52;"Midday Workout";"Leg Curl";3;160;lbs;12;;;0;;
2018-05-22 13:14:52;"Midday Workout";"Leg Extension";1;170;lbs;10;;;0;"";
2018-05-22 13:14:52;"Midday Workout";"Leg Extension";2;170;lbs;10;;;0;;
2018-05-22 13:14:52;"Midday Workout";"Leg Extension";3;160;lbs;12;;;0;;
2018-05-22 13:14:52;"Midday Workout";"Sit Up";1;22;lbs;20;;;0;"";
2018-05-22 13:14:52;"Midday Workout";"Sit Up";2;22;lbs;20;;;0;;
2018-05-22 13:14:52;"Midday Workout";"Sit Up";3;22;lbs;20;;;0;;
2018-05-22 13:14:52;"Midday Workout";"Reverse Crunch";1;;;15;;;0;"";
2018-05-22 13:14:52;"Midday Workout";"Reverse Crunch";2;;;15;;;0;;
2018-05-22 13:14:52;"Midday Workout";"Reverse Crunch";3;;;15;;;0;;
2018-05-21 11:19:21;"Morning Workout";"Bench Press (Dumbbell)";1;45;lbs;10;;;0;"";""
2018-05-21 11:19:21;"Morning Workout";"Bench Press (Dumbbell)";2;60;lbs;6;;;0;;
2018-05-21 11:19:21;"Morning Workout";"Bench Press (Dumbbell)";3;55;lbs;6;;;0;;
2018-05-21 11:19:21;"Morning Workout";"Skullcrushers";1;50;lbs;10;;;0;"";
2018-05-21 11:19:21;"Morning Workout";"Skullcrushers";2;50;lbs;8;;;0;;
2018-05-21 11:19:21;"Morning Workout";"Skullcrushers";3;50;lbs;8;;;0;;
2018-05-21 11:19:21;"Morning Workout";"Bent Over Cable Fly";1;90;lbs;10;;;0;"";
2018-05-21 11:19:21;"Morning Workout";"Bent Over Cable Fly";2;100;lbs;6;;;0;;
2018-05-21 11:19:21;"Morning Workout";"Bent Over Cable Fly";3;90;lbs;10;;;0;;
2018-05-21 11:19:21;"Morning Workout";"Front Chest Raise";1;35;lbs;10;;;0;"";
2018-05-21 11:19:21;"Morning Workout";"Front Chest Raise";2;35;lbs;10;;;0;;
2018-05-21 11:19:21;"Morning Workout";"Front Chest Raise";3;35;lbs;10;;;0;;
2018-05-21 11:19:21;"Morning Workout";"Bench Press";1;105;lbs;10;;;0;"";
2018-05-21 11:19:21;"Morning Workout";"Bench Press";2;105;lbs;10;;;0;;
2018-05-21 11:19:21;"Morning Workout";"Bench Press";3;105;lbs;10;;;0;;
2018-05-21 11:19:21;"Morning Workout";"Tricep Dip";1;0;lbs;10;;;0;"";
2018-05-21 11:19:21;"Morning Workout";"Tricep Dip";2;0;lbs;10;;;0;;
2018-05-21 11:19:21;"Morning Workout";"Tricep Dip";3;0;lbs;10;;;0;;
2018-05-21 11:19:21;"Morning Workout";"Sit Up";1;22;lbs;20;;;0;"";
2018-05-21 11:19:21;"Morning Workout";"Sit Up";2;22;lbs;20;;;0;;
2018-05-21 11:19:21;"Morning Workout";"Sit Up";3;22;lbs;20;;;0;;
2018-05-21 11:19:21;"Morning Workout";"Reverse Crunch";1;0;lbs;15;;;0;"";
2018-05-21 11:19:21;"Morning Workout";"Reverse Crunch";2;0;lbs;20;;;0;;
2018-05-21 11:19:21;"Morning Workout";"Reverse Crunch";3;0;lbs;15;;;0;;
2018-05-21 11:19:21;"Morning Workout";"Flat Straight Leg Raise";1;;;8;;;0;"10s start , 5s after ";
2018-05-21 11:19:21;"Morning Workout";"Flat Straight Leg Raise";2;;;6;;;0;;
2018-05-21 11:19:21;"Morning Workout";"Flat Straight Leg Raise";3;;;8;;;0;;
2018-05-21 11:19:21;"Morning Workout";"Bicycle Crunch";1;0;lbs;60;;;0;"";
2018-05-21 11:19:21;"Morning Workout";"Bicycle Crunch";2;0;lbs;60;;;0;;
2018-05-21 11:19:21;"Morning Workout";"Bicycle Crunch";3;0;lbs;60;;;0;;
2018-05-21 11:19:21;"Morning Workout";"Plank";1;;;;;;120;"";
2018-05-20 14:25:03;"Afternoon Workout";"Lat Pulldown";1;115;lbs;10;;;0;"";""
2018-05-20 14:25:03;"Afternoon Workout";"Lat Pulldown";2;115;lbs;10;;;0;;
2018-05-20 14:25:03;"Afternoon Workout";"Lat Pulldown";3;130;lbs;8;;;0;;
2018-05-20 14:25:03;"Afternoon Workout";"Bent Over Row (Dumbbell)";1;60;lbs;8;;;0;"";
2018-05-20 14:25:03;"Afternoon Workout";"Bent Over Row (Dumbbell)";2;60;lbs;8;;;0;;
2018-05-20 14:25:03;"Afternoon Workout";"Bent Over Row (Dumbbell)";3;65;lbs;6;;;0;;
2018-05-20 14:25:03;"Afternoon Workout";"Bent Over Row";1;175;lbs;6;;;0;"";
2018-05-20 14:25:03;"Afternoon Workout";"Bent Over Row";2;155;lbs;8;;;0;;
2018-05-20 14:25:03;"Afternoon Workout";"Bent Over Row";3;155;lbs;8;;;0;;
2018-05-20 14:25:03;"Afternoon Workout";"Bent Over Row";4;125;lbs;12;;;0;;
2018-05-20 14:25:03;"Afternoon Workout";"Upright Barbell Row";1;125;lbs;10;;;0;"";
2018-05-20 14:25:03;"Afternoon Workout";"Upright Barbell Row";2;155;lbs;8;;;0;;
2018-05-20 14:25:03;"Afternoon Workout";"Upright Barbell Row";3;155;lbs;8;;;0;;
2018-05-20 14:25:03;"Afternoon Workout";"Squat";1;105;lbs;10;;;0;"";
2018-05-20 14:25:03;"Afternoon Workout";"Squat";2;195;lbs;10;;;0;;
2018-05-20 14:25:03;"Afternoon Workout";"Squat";3;245;lbs;10;;;0;;
2018-05-20 14:25:03;"Afternoon Workout";"Squat";4;265;lbs;10;;;0;;
2018-05-20 14:25:03;"Afternoon Workout";"Squat";5;195;lbs;20;;;0;;
2018-05-20 14:25:03;"Afternoon Workout";"Squat";6;155;lbs;20;;;0;;
2018-05-20 14:25:03;"Afternoon Workout";"Standing Calf Raise";1;245;lbs;20;;;0;"";
2018-05-20 14:25:03;"Afternoon Workout";"Standing Calf Raise";2;265;lbs;20;;;0;;
2018-05-20 14:25:03;"Afternoon Workout";"Standing Calf Raise";3;275;lbs;20;;;0;;
2018-05-20 14:25:03;"Afternoon Workout";"Standing Calf Raise";4;195;lbs;30;;;0;;
2018-05-20 14:25:03;"Afternoon Workout";"Reverse Fly";1;45;lbs;10;;;0;"";
2018-05-20 14:25:03;"Afternoon Workout";"Reverse Fly";2;45;lbs;10;;;0;;
2018-05-20 14:25:03;"Afternoon Workout";"Reverse Fly";3;45;lbs;10;;;0;;
2018-05-20 14:25:03;"Afternoon Workout";"Lateral Raise";1;40;lbs;10;;;0;"";
2018-05-20 14:25:03;"Afternoon Workout";"Lateral Raise";2;40;lbs;10;;;0;;
2018-05-20 14:25:03;"Afternoon Workout";"Lateral Raise";3;40;lbs;10;;;0;;
2018-05-20 14:25:03;"Afternoon Workout";"Leg Curl";1;160;lbs;10;;;0;"";
2018-05-20 14:25:03;"Afternoon Workout";"Leg Curl";2;150;lbs;10;;;0;;
2018-05-20 14:25:03;"Afternoon Workout";"Leg Curl";3;150;lbs;12;;;0;;
2018-05-20 14:25:03;"Afternoon Workout";"Leg Extension";1;160;lbs;10;;;0;"";
2018-05-20 14:25:03;"Afternoon Workout";"Leg Extension";2;160;lbs;10;;;0;;
2018-05-20 14:25:03;"Afternoon Workout";"Leg Extension";3;160;lbs;10;;;0;;
2018-05-20 14:25:03;"Afternoon Workout";"Bicep Curl (Cable) ";1;50;lbs;10;;;0;"";
2018-05-20 14:25:03;"Afternoon Workout";"Bicep Curl (Cable) ";2;50;lbs;8;;;0;;
2018-05-20 14:25:03;"Afternoon Workout";"Bicep Curl (Cable) ";3;50;lbs;8;;;0;;
2018-05-20 14:25:03;"Afternoon Workout";"TRX Curl";1;0;lbs;15;;;0;"";
2018-05-20 14:25:03;"Afternoon Workout";"TRX Curl";2;0;lbs;12;;;0;;
2018-05-17 11:44:14;"Morning Workout";"Squat";1;105;lbs;10;;;0;"";""
2018-05-17 11:44:14;"Morning Workout";"Squat";2;195;lbs;10;;;0;;
2018-05-17 11:44:14;"Morning Workout";"Squat";3;245;lbs;10;;;0;;
2018-05-17 11:44:14;"Morning Workout";"Squat";4;245;lbs;10;;;0;;
2018-05-17 11:44:14;"Morning Workout";"Squat";5;155;lbs;12;;;0;;
2018-05-17 11:44:14;"Morning Workout";"Standing Calf Raise";1;245;lbs;20;;;0;"";
2018-05-17 11:44:14;"Morning Workout";"Standing Calf Raise";2;265;lbs;20;;;0;;
2018-05-17 11:44:14;"Morning Workout";"Standing Calf Raise";3;265;lbs;20;;;0;;
2018-05-17 11:44:14;"Morning Workout";"Bent Over Row";1;155;lbs;8;;;0;"";
2018-05-17 11:44:14;"Morning Workout";"Bent Over Row";2;175;lbs;6;;;0;;
2018-05-17 11:44:14;"Morning Workout";"Bent Over Row";3;155;lbs;8;;;0;;
2018-05-17 11:44:14;"Morning Workout";"Upright Barbell Row";1;145;lbs;10;;;0;"";
2018-05-17 11:44:14;"Morning Workout";"Upright Barbell Row";2;155;lbs;8;;;0;;
2018-05-17 11:44:14;"Morning Workout";"Upright Barbell Row";3;155;lbs;8;;;0;;
2018-05-17 11:44:14;"Morning Workout";"Seated Row";1;200;lbs;15;;;0;"";
2018-05-17 11:44:14;"Morning Workout";"Seated Row";2;200;lbs;15;;;0;;
2018-05-17 11:44:14;"Morning Workout";"Seated Row";3;200;lbs;15;;;0;;
2018-05-17 11:44:14;"Morning Workout";"Leg Curl";1;150;lbs;12;;;0;"";
2018-05-17 11:44:14;"Morning Workout";"Leg Curl";2;150;lbs;10;;;0;;
2018-05-17 11:44:14;"Morning Workout";"Leg Curl";3;160;lbs;8;;;0;;
2018-05-17 11:44:14;"Morning Workout";"Leg Extension";1;150;lbs;10;;;0;"";
2018-05-17 11:44:14;"Morning Workout";"Leg Extension";2;150;lbs;10;;;0;;
2018-05-17 11:44:14;"Morning Workout";"Leg Extension";3;160;lbs;10;;;0;;
2018-05-17 11:44:14;"Morning Workout";"Bicep Curl (Machine)";1;90;lbs;10;;;0;"";
2018-05-17 11:44:14;"Morning Workout";"Bicep Curl (Machine)";2;100;lbs;8;;;0;;
2018-05-17 11:44:14;"Morning Workout";"Bicep Curl (Machine)";3;100;lbs;8;;;0;;
2018-05-17 11:44:14;"Morning Workout";"Sit Up";1;22;lbs;15;;;0;"";
2018-05-17 11:44:14;"Morning Workout";"Sit Up";2;22;lbs;15;;;0;;
2018-05-17 11:44:14;"Morning Workout";"Sit Up";3;22;lbs;15;;;0;;
2018-05-17 11:44:14;"Morning Workout";"Reverse Crunch";1;0;lbs;15;;;0;"";
2018-05-17 11:44:14;"Morning Workout";"Reverse Crunch";2;0;lbs;15;;;0;;
2018-05-17 11:44:14;"Morning Workout";"Reverse Crunch";3;0;lbs;15;;;0;;
2018-05-16 12:01:12;"Midday Workout";"Bench Press (Dumbbell)";1;50;lbs;10;;;0;"";""
2018-05-16 12:01:12;"Midday Workout";"Bench Press (Dumbbell)";2;55;lbs;8;;;0;;
2018-05-16 12:01:12;"Midday Workout";"Bench Press (Dumbbell)";3;60;lbs;6;;;0;;
2018-05-16 12:01:12;"Midday Workout";"Skullcrushers";1;45;lbs;10;;;0;"";
2018-05-16 12:01:12;"Midday Workout";"Skullcrushers";2;50;lbs;8;;;0;;
2018-05-16 12:01:12;"Midday Workout";"Skullcrushers";3;50;lbs;6;;;0;;
2018-05-16 12:01:12;"Midday Workout";"Bent Over Cable Fly";1;80;lbs;10;;;0;"";
2018-05-16 12:01:12;"Midday Workout";"Bent Over Cable Fly";2;90;lbs;10;;;0;;
2018-05-16 12:01:12;"Midday Workout";"Bent Over Cable Fly";3;100;lbs;5;;;0;;
2018-05-16 12:01:12;"Midday Workout";"Bent Over Cable Fly";4;90;lbs;8;;;0;;
2018-05-16 12:01:12;"Midday Workout";"Front Chest Raise";1;35;lbs;10;;;0;"";
2018-05-16 12:01:12;"Midday Workout";"Front Chest Raise";2;35;lbs;10;;;0;;
2018-05-16 12:01:12;"Midday Workout";"Front Chest Raise";3;35;lbs;8;;;0;;
2018-05-16 12:01:12;"Midday Workout";"Tricep Dip";1;0;lbs;12;;;0;"";
2018-05-16 12:01:12;"Midday Workout";"Tricep Dip";2;0;lbs;12;;;0;;
2018-05-16 12:01:12;"Midday Workout";"Tricep Dip";3;0;lbs;10;;;0;;
2018-05-16 12:01:12;"Midday Workout";"Reverse Fly";1;40;lbs;10;;;0;"";
2018-05-16 12:01:12;"Midday Workout";"Reverse Fly";2;45;lbs;8;;;0;;
2018-05-16 12:01:12;"Midday Workout";"Reverse Fly";3;45;lbs;8;;;0;;
2018-05-16 12:01:12;"Midday Workout";"Lateral Raise";1;35;lbs;10;;;0;"";
2018-05-16 12:01:12;"Midday Workout";"Lateral Raise";2;35;lbs;10;;;0;;
2018-05-16 12:01:12;"Midday Workout";"Lateral Raise";3;40;lbs;8;;;0;;
2018-05-16 12:01:12;"Midday Workout";"Front Raise";1;25;lbs;10;;;0;"";
2018-05-16 12:01:12;"Midday Workout";"Front Raise";2;30;lbs;8;;;0;;
2018-05-16 12:01:12;"Midday Workout";"Front Raise";3;30;lbs;8;;;0;;
2018-05-16 12:01:12;"Midday Workout";"Cable Bar Standing Row";1;50;lbs;12;;;0;"";
2018-05-16 12:01:12;"Midday Workout";"Cable Bar Standing Row";2;60;lbs;15;;;0;;
2018-05-16 12:01:12;"Midday Workout";"Cable Bar Standing Row";3;70;lbs;10;;;0;;
2018-05-16 12:01:12;"Midday Workout";"Shrug";1;140;lbs;10;;;0;"";
2018-05-16 12:01:12;"Midday Workout";"Shrug";2;160;lbs;15;;;0;;
2018-05-16 12:01:12;"Midday Workout";"Shrug";3;180;lbs;15;;;0;;
2018-05-16 12:01:12;"Midday Workout";"Shrug";4;200;lbs;15;;;0;;
2018-05-16 12:01:12;"Midday Workout";"Tricep Pull-down";1;140;lbs;10;;;0;"";
2018-05-16 12:01:12;"Midday Workout";"Tricep Pull-down";2;150;lbs;8;;;0;;
2018-05-16 12:01:12;"Midday Workout";"Tricep Pull-down";3;150;lbs;10;;;0;;
2018-05-16 12:01:12;"Midday Workout";"Sit Up";1;15;lbs;20;;;0;"";
2018-05-16 12:01:12;"Midday Workout";"Sit Up";2;22;lbs;15;;;0;;
2018-05-16 12:01:12;"Midday Workout";"Sit Up";3;22;lbs;20;;;0;;
2018-05-15 12:38:03;"Midday Workout";"Squat";1;155;lbs;10;;;0;"";""
2018-05-15 12:38:03;"Midday Workout";"Squat";2;205;lbs;8;;;0;;
2018-05-15 12:38:03;"Midday Workout";"Squat";3;225;lbs;8;;;0;;
2018-05-15 12:38:03;"Midday Workout";"Squat";4;225;lbs;6;;;0;;
2018-05-15 12:38:03;"Midday Workout";"Standing Calf Raise";1;225;lbs;15;;;0;"";
2018-05-15 12:38:03;"Midday Workout";"Standing Calf Raise";2;255;lbs;15;;;0;;
2018-05-15 12:38:03;"Midday Workout";"Standing Calf Raise";3;255;lbs;15;;;0;;
2018-05-15 12:38:03;"Midday Workout";"Bent Over Row";1;105;lbs;8;;;0;"";
2018-05-15 12:38:03;"Midday Workout";"Bent Over Row";2;155;lbs;8;;;0;;
2018-05-15 12:38:03;"Midday Workout";"Bent Over Row";3;175;lbs;6;;;0;;
2018-05-15 12:38:03;"Midday Workout";"Upright Barbell Row";1;105;lbs;12;;;0;"";
2018-05-15 12:38:03;"Midday Workout";"Upright Barbell Row";2;115;lbs;12;;;0;;
2018-05-15 12:38:03;"Midday Workout";"Upright Barbell Row";3;145;lbs;8;;;0;;
2018-05-15 12:38:03;"Midday Workout";"Leg Curl";1;140;lbs;12;;;0;"";
2018-05-15 12:38:03;"Midday Workout";"Leg Curl";2;150;lbs;10;;;0;;
2018-05-15 12:38:03;"Midday Workout";"Leg Curl";3;150;lbs;10;;;0;;
2018-05-15 12:38:03;"Midday Workout";"Leg Extension";1;130;lbs;10;;;0;"";
2018-05-15 12:38:03;"Midday Workout";"Leg Extension";2;140;lbs;10;;;0;;
2018-05-15 12:38:03;"Midday Workout";"Leg Extension";3;150;lbs;10;;;0;;
2018-05-15 12:38:03;"Midday Workout";"Sit Up";1;22;lbs;15;;;0;"";
2018-05-15 12:38:03;"Midday Workout";"Sit Up";2;22;lbs;15;;;0;;
2018-05-15 12:38:03;"Midday Workout";"Sit Up";3;33;lbs;15;;;0;;
2018-05-15 12:38:03;"Midday Workout";"Reverse Crunch";1;0;lbs;15;;;0;"";
2018-05-15 12:38:03;"Midday Workout";"Reverse Crunch";2;0;lbs;15;;;0;;
2018-05-15 12:38:03;"Midday Workout";"Reverse Crunch";3;0;lbs;15;;;0;;
2018-05-15 12:38:03;"Midday Workout";"Bicycle Crunch";1;0;lbs;50;;;0;"";
2018-05-15 12:38:03;"Midday Workout";"Bicycle Crunch";2;0;lbs;50;;;0;;
2018-05-15 12:38:03;"Midday Workout";"Bicycle Crunch";3;0;lbs;50;;;0;;
2018-05-15 12:38:03;"Midday Workout";"Plank";1;;;;;;75;"";
2018-05-15 12:38:03;"Midday Workout";"Extended Arm Plank";1;;;;;;60;"";
2018-05-15 12:38:03;"Midday Workout";"Dumbell Side Bends";1;45;lbs;20;;;0;"";
2018-05-15 12:38:03;"Midday Workout";"Dumbell Side Bends";2;50;lbs;20;;;0;;
2018-05-15 12:38:03;"Midday Workout";"Dumbell Side Bends";3;55;lbs;15;;;0;;
2018-05-15 12:38:03;"Midday Workout";"Weighted Ball Throws";1;15;lbs;15;;;0;"";
2018-05-15 12:38:03;"Midday Workout";"Weighted Ball Throws";2;22;lbs;12;;;0;;
2018-05-15 12:38:03;"Midday Workout";"Weighted Ball Throws";3;22;lbs;10;;;0;;
2018-05-15 12:38:03;"Midday Workout";"TRX Curl";1;;;20;;;0;"";
2018-05-15 12:38:03;"Midday Workout";"TRX Curl";2;;;20;;;0;;
2018-05-15 12:38:03;"Midday Workout";"TRX Curl";3;;;12;;;0;;
2018-05-13 12:39:49;"Midday Workout";"Sit Up";1;15;lbs;20;;;0;"";""
2018-05-13 12:39:49;"Midday Workout";"Sit Up";2;15;lbs;15;;;0;;
2018-05-13 12:39:49;"Midday Workout";"Sit Up";3;22;lbs;15;;;0;;
2018-05-13 12:39:49;"Midday Workout";"Reverse Crunch";1;0;lbs;15;;;0;"";
2018-05-13 12:39:49;"Midday Workout";"Reverse Crunch";2;0;lbs;15;;;0;;
2018-05-13 12:39:49;"Midday Workout";"Reverse Crunch";3;0;lbs;15;;;0;;
2018-05-13 12:39:49;"Midday Workout";"Bicycle Crunch";1;0;lbs;50;;;0;"";
2018-05-13 12:39:49;"Midday Workout";"Bicycle Crunch";2;0;lbs;40;;;0;;
2018-05-13 12:39:49;"Midday Workout";"Bicycle Crunch";3;0;lbs;40;;;0;;
2018-05-13 12:39:49;"Midday Workout";"Dumbell Side Bends";1;60;lbs;10;;;0;"";
2018-05-13 12:39:49;"Midday Workout";"Dumbell Side Bends";2;45;lbs;20;;;0;;
2018-05-13 12:39:49;"Midday Workout";"Dumbell Side Bends";3;45;lbs;20;;;0;;
2018-05-13 12:39:49;"Midday Workout";"Dumbell Side Bends";4;45;lbs;20;;;0;;
2018-05-13 12:39:49;"Midday Workout";"Plank";1;;;;;;60;"";
2018-05-13 12:39:49;"Midday Workout";"Russian Twist";1;;;50;;;0;"";
2018-05-13 11:32:57;"Morning Workout";"Bent Over Row";1;155;lbs;10;;;0;"";""
2018-05-13 11:32:57;"Morning Workout";"Bent Over Row";2;155;lbs;12;;;0;;
2018-05-13 11:32:57;"Morning Workout";"Bent Over Row";3;155;lbs;10;;;0;;
2018-05-13 11:32:57;"Morning Workout";"Bent Over Row";4;105;lbs;15;;;0;;
2018-05-13 11:32:57;"Morning Workout";"Bent Over Row";5;115;lbs;15;;;0;;
2018-05-13 11:32:57;"Morning Workout";"Upright Barbell Row";1;115;lbs;6;;;0;"";
2018-05-13 11:32:57;"Morning Workout";"Upright Barbell Row";2;115;lbs;12;;;0;;
2018-05-13 11:32:57;"Morning Workout";"Upright Barbell Row";3;135;lbs;10;;;0;;
2018-05-13 11:32:57;"Morning Workout";"Upright Barbell Row";4;125;lbs;12;;;0;;
2018-05-13 11:32:57;"Morning Workout";"Shrug";1;170;lbs;10;;;0;"";
2018-05-13 11:32:57;"Morning Workout";"Shrug";2;170;lbs;10;;;0;;
2018-05-13 11:32:57;"Morning Workout";"Shrug";3;170;lbs;10;;;0;;
2018-05-13 11:32:57;"Morning Workout";"Lat Pulldown";1;115;lbs;8;;;0;"";
2018-05-13 11:32:57;"Morning Workout";"Seated Row";1;150;lbs;15;;;0;"";
2018-05-13 11:32:57;"Morning Workout";"Seated Row";2;180;lbs;15;;;0;;
2018-05-13 11:32:57;"Morning Workout";"Seated Row";3;200;lbs;15;;;0;;
2018-05-13 11:32:57;"Morning Workout";"Seated Row";4;200;lbs;15;;;0;;
2018-05-13 11:32:57;"Morning Workout";"Bicep Curl (Machine)";1;80;lbs;10;;;0;"";
2018-05-13 11:32:57;"Morning Workout";"Bicep Curl (Machine)";2;90;lbs;10;;;0;;
2018-05-13 11:32:57;"Morning Workout";"Bicep Curl (Machine)";3;90;lbs;10;;;0;;
2018-05-13 11:32:57;"Morning Workout";"Bicep Curl (Cable) ";1;40;lbs;10;;;0;"";
2018-05-13 11:32:57;"Morning Workout";"Bicep Curl (Cable) ";2;50;lbs;8;;;0;;
2018-05-13 11:32:57;"Morning Workout";"Bicep Curl (Cable) ";3;50;lbs;8;;;0;;
2018-05-13 11:32:57;"Morning Workout";"Squat";1;105;lbs;15;;;0;"";
2018-05-13 11:32:57;"Morning Workout";"Squat";2;155;lbs;15;;;0;;
2018-05-13 11:32:57;"Morning Workout";"Squat";3;155;lbs;15;;;0;;
2018-05-13 11:32:57;"Morning Workout";"Standing Calf Raise";1;155;lbs;25;;;0;"";
2018-05-13 11:32:57;"Morning Workout";"Standing Calf Raise";2;195;lbs;25;;;0;;
2018-05-13 11:32:57;"Morning Workout";"Standing Calf Raise";3;245;lbs;20;;;0;;
2018-05-11 11:05:46;"Legs";"Squat";1;105;lbs;12;;;0;"";""
2018-05-11 11:05:46;"Legs";"Squat";2;195;lbs;12;;;0;;
2018-05-11 11:05:46;"Legs";"Squat";3;195;lbs;12;;;0;;
2018-05-11 11:05:46;"Legs";"Squat";4;205;lbs;12;;;0;;
2018-05-11 11:05:46;"Legs";"Squat";5;145;lbs;15;;;0;;
2018-05-11 11:05:46;"Legs";"Standing Calf Raise";1;195;lbs;20;;;0;"";
2018-05-11 11:05:46;"Legs";"Standing Calf Raise";2;245;lbs;20;;;0;;
2018-05-11 11:05:46;"Legs";"Standing Calf Raise";3;255;lbs;20;;;0;;
2018-05-11 11:05:46;"Legs";"Standing Calf Raise";4;255;lbs;20;;;0;;
2018-05-11 11:05:46;"Legs";"Leg Curl";1;130;lbs;12;;;0;"";
2018-05-11 11:05:46;"Legs";"Leg Curl";2;130;lbs;12;;;0;;
2018-05-11 11:05:46;"Legs";"Leg Curl";3;140;lbs;12;;;0;;
2018-05-11 11:05:46;"Legs";"Leg Extension";1;120;lbs;12;;;0;"";
2018-05-11 11:05:46;"Legs";"Leg Extension";2;120;lbs;12;;;0;;
2018-05-11 11:05:46;"Legs";"Leg Extension";3;130;lbs;12;;;0;;
2018-05-11 11:05:46;"Legs";"Reverse Fly";1;40;lbs;12;;;0;"";
2018-05-11 11:05:46;"Legs";"Reverse Fly";2;40;lbs;12;;;0;;
2018-05-11 11:05:46;"Legs";"Reverse Fly";3;40;lbs;10;;;0;;
2018-05-11 11:05:46;"Legs";"Lateral Raise";1;30;lbs;12;;;0;"";
2018-05-11 11:05:46;"Legs";"Lateral Raise";2;35;lbs;10;;;0;;
2018-05-11 11:05:46;"Legs";"Lateral Raise";3;35;lbs;10;;;0;;
2018-05-11 11:05:46;"Legs";"Front Raise";1;25;lbs;10;;;0;"";
2018-05-11 11:05:46;"Legs";"Front Raise";2;25;lbs;10;;;0;;
2018-05-11 11:05:46;"Legs";"TRX Curl";1;0;lbs;20;;;0;"";
2018-05-11 11:05:46;"Legs";"TRX Curl";2;0;lbs;15;;;0;;
2018-05-10 11:04:30;"Chest & Abs";"Bench Press (Dumbbell)";1;45;lbs;12;;;0;"";""
2018-05-10 11:04:30;"Chest & Abs";"Bench Press (Dumbbell)";2;50;lbs;10;;;0;;
2018-05-10 11:04:30;"Chest & Abs";"Bench Press (Dumbbell)";3;50;lbs;10;;;0;;
2018-05-10 11:04:30;"Chest & Abs";"Skullcrushers";1;40;lbs;10;;;0;"";
2018-05-10 11:04:30;"Chest & Abs";"Skullcrushers";2;45;lbs;10;;;0;;
2018-05-10 11:04:30;"Chest & Abs";"Skullcrushers";3;45;lbs;10;;;0;;
2018-05-10 11:04:30;"Chest & Abs";"Front Chest Raise";1;35;lbs;6;;;0;"";
2018-05-10 11:04:30;"Chest & Abs";"Front Chest Raise";2;25;lbs;10;;;0;;
2018-05-10 11:04:30;"Chest & Abs";"Front Chest Raise";3;30;lbs;10;;;0;;
2018-05-10 11:04:30;"Chest & Abs";"Front Chest Raise";4;35;lbs;8;;;0;;
2018-05-10 11:04:30;"Chest & Abs";"Bent Over Cable Fly";1;80;lbs;10;;;0;"";
2018-05-10 11:04:30;"Chest & Abs";"Bent Over Cable Fly";2;80;lbs;10;;;0;;
2018-05-10 11:04:30;"Chest & Abs";"Bent Over Cable Fly";3;80;lbs;10;;;0;;
2018-05-10 11:04:30;"Chest & Abs";"Tricep Dip";1;0;lbs;12;;;0;"";
2018-05-10 11:04:30;"Chest & Abs";"Tricep Dip";2;0;lbs;12;;;0;;
2018-05-10 11:04:30;"Chest & Abs";"Tricep Dip";3;0;lbs;12;;;0;;
2018-05-10 11:04:30;"Chest & Abs";"Tricep Pull-down";1;130;lbs;12;;;0;"";
2018-05-10 11:04:30;"Chest & Abs";"Tricep Pull-down";2;130;lbs;12;;;0;;
2018-05-10 11:04:30;"Chest & Abs";"Tricep Pull-down";3;140;lbs;10;;;0;;
2018-05-10 11:04:30;"Chest & Abs";"Sit Up";1;0;lbs;15;;;0;"";
2018-05-10 11:04:30;"Chest & Abs";"Sit Up";2;12;lbs;15;;;0;;
2018-05-10 11:04:30;"Chest & Abs";"Sit Up";3;15;lbs;15;;;0;;
2018-05-10 11:04:30;"Chest & Abs";"Reverse Crunch";1;0;lbs;15;;;0;"";
2018-05-10 11:04:30;"Chest & Abs";"Reverse Crunch";2;0;lbs;15;;;0;;
2018-05-10 11:04:30;"Chest & Abs";"Reverse Crunch";3;0;lbs;15;;;0;;
2018-05-10 11:04:30;"Chest & Abs";"Bicycle Crunch";1;0;lbs;50;;;0;"";
2018-05-10 11:04:30;"Chest & Abs";"Bicycle Crunch";2;0;lbs;50;;;0;;
2018-05-10 11:04:30;"Chest & Abs";"Bicycle Crunch";3;0;lbs;40;;;0;;
2018-05-10 11:04:30;"Chest & Abs";"Plank";1;;;;;;60;"";
2018-05-10 11:04:30;"Chest & Abs";"Extended Arm Plank";1;;;;;;45;"";
2018-05-10 11:04:30;"Chest & Abs";"Dumbell Side Bends";1;50;lbs;20;;;0;"";
2018-05-10 11:04:30;"Chest & Abs";"Dumbell Side Bends";2;55;lbs;15;;;0;;
2018-05-10 11:04:30;"Chest & Abs";"Dumbell Side Bends";3;60;lbs;15;;;0;;
2018-05-10 11:04:30;"Chest & Abs";"Kettlebell Swing";1;25;lbs;15;;;0;"";
2018-05-10 11:04:30;"Chest & Abs";"Kettlebell Swing";2;25;lbs;15;;;0;;
2018-05-10 11:04:30;"Chest & Abs";"Kettlebell Swing";3;25;lbs;12;;;0;;
2018-05-09 11:28:54;"Back And Shoulders";"Bent Over Row";1;125;lbs;12;;;0;"";""
2018-05-09 11:28:54;"Back And Shoulders";"Bent Over Row";2;135;lbs;12;;;0;;
2018-05-09 11:28:54;"Back And Shoulders";"Bent Over Row";3;145;lbs;8;;;0;;
2018-05-09 11:28:54;"Back And Shoulders";"Bent Over Row";4;145;lbs;8;;;0;;
2018-05-09 11:28:54;"Back And Shoulders";"Lat Pulldown";1;115;lbs;10;;;0;"";
2018-05-09 11:28:54;"Back And Shoulders";"Lat Pulldown";2;115;lbs;10;;;0;;
2018-05-09 11:28:54;"Back And Shoulders";"Lat Pulldown";3;115;lbs;10;;;0;;
2018-05-09 11:28:54;"Back And Shoulders";"Bent Over Row (Dumbbell)";1;55;lbs;10;;;0;"";
2018-05-09 11:28:54;"Back And Shoulders";"Bent Over Row (Dumbbell)";2;55;lbs;10;;;0;;
2018-05-09 11:28:54;"Back And Shoulders";"Bent Over Row (Dumbbell)";3;60;lbs;6;;;0;;
2018-05-09 11:28:54;"Back And Shoulders";"Front Raise";1;25;lbs;10;;;0;"";
2018-05-09 11:28:54;"Back And Shoulders";"Front Raise";2;25;lbs;10;;;0;;
2018-05-09 11:28:54;"Back And Shoulders";"Front Raise";3;25;lbs;10;;;0;;
2018-05-09 11:28:54;"Back And Shoulders";"Reverse Fly";1;40;lbs;12;;;0;"";
2018-05-09 11:28:54;"Back And Shoulders";"Reverse Fly";2;40;lbs;10;;;0;;
2018-05-09 11:28:54;"Back And Shoulders";"Reverse Fly";3;40;lbs;10;;;0;;
2018-05-09 11:28:54;"Back And Shoulders";"Lateral Raise";1;30;lbs;12;;;0;"";
2018-05-09 11:28:54;"Back And Shoulders";"Lateral Raise";2;30;lbs;12;;;0;;
2018-05-09 11:28:54;"Back And Shoulders";"Lateral Raise";3;30;lbs;12;;;0;;
2018-05-09 11:28:54;"Back And Shoulders";"Bicep Curl (Machine)";1;70;lbs;10;;;0;"";
2018-05-09 11:28:54;"Back And Shoulders";"Bicep Curl (Machine)";2;80;lbs;10;;;0;;
2018-05-09 11:28:54;"Back And Shoulders";"Bicep Curl (Machine)";3;80;lbs;10;;;0;;
2018-05-09 11:28:54;"Back And Shoulders";"TRX Curl";1;0;lbs;15;;;0;"";
2018-05-09 11:28:54;"Back And Shoulders";"TRX Curl";2;0;lbs;12;;;0;;
2018-05-09 11:28:54;"Back And Shoulders";"TRX Curl";3;0;lbs;12;;;0;;
2018-05-08 12:21:15;"Legs";"Squat";1;105;lbs;10;;;0;"";""
2018-05-08 12:21:15;"Legs";"Squat";2;195;lbs;10;;;0;;
2018-05-08 12:21:15;"Legs";"Squat";3;195;lbs;12;;;0;;
2018-05-08 12:21:15;"Legs";"Squat";4;205;lbs;12;;;0;;
2018-05-08 12:21:15;"Legs";"Squat";5;195;lbs;12;;;0;;
2018-05-08 12:21:15;"Legs";"Standing Calf Raise";1;195;lbs;20;;;0;"";
2018-05-08 12:21:15;"Legs";"Standing Calf Raise";2;215;lbs;20;;;0;;
2018-05-08 12:21:15;"Legs";"Standing Calf Raise";3;245;lbs;20;;;0;;
2018-05-08 12:21:15;"Legs";"Standing Calf Raise";4;245;lbs;15;;;0;;
2018-05-08 12:21:15;"Legs";"Leg Curl";1;120;lbs;12;;;0;"";
2018-05-08 12:21:15;"Legs";"Leg Curl";2;130;lbs;10;;;0;;
2018-05-08 12:21:15;"Legs";"Leg Curl";3;130;lbs;12;;;0;;
2018-05-08 12:21:15;"Legs";"Leg Extension";1;110;lbs;10;;;0;"";
2018-05-08 12:21:15;"Legs";"Leg Extension";2;120;lbs;10;;;0;;
2018-05-08 12:21:15;"Legs";"Leg Extension";3;120;lbs;10;;;0;;
2018-05-08 12:21:15;"Legs";"Leg Press";1;100;lbs;12;;;0;"";
2018-05-08 12:21:15;"Legs";"Leg Press";2;115;lbs;10;;;0;;
2018-05-08 12:21:15;"Legs";"Plank";1;;;;;;120;"";
2018-05-08 12:21:15;"Legs";"Extended Arm Plank";1;;;;;;60;"";
2018-05-07 13:05:01;"Chest & Abs";"Bench Press (Dumbbell)";1;40;lbs;10;;;0;"";""
2018-05-07 13:05:01;"Chest & Abs";"Bench Press (Dumbbell)";2;45;lbs;10;;;0;;
2018-05-07 13:05:01;"Chest & Abs";"Bench Press (Dumbbell)";3;45;lbs;10;;;0;;
2018-05-07 13:05:01;"Chest & Abs";"Bench Press (Dumbbell)";4;50;lbs;8;;;0;;
2018-05-07 13:05:01;"Chest & Abs";"Skullcrushers";1;40;lbs;10;;;0;"";
2018-05-07 13:05:01;"Chest & Abs";"Skullcrushers";2;40;lbs;10;;;0;;
2018-05-07 13:05:01;"Chest & Abs";"Skullcrushers";3;40;lbs;10;;;0;;
2018-05-07 13:05:01;"Chest & Abs";"Front Chest Raise";1;30;lbs;10;;;0;"";
2018-05-07 13:05:01;"Chest & Abs";"Front Chest Raise";2;35;lbs;6;;;0;;
2018-05-07 13:05:01;"Chest & Abs";"Front Chest Raise";3;30;lbs;10;;;0;;
2018-05-07 13:05:01;"Chest & Abs";"Front Chest Raise";4;30;lbs;10;;;0;;
2018-05-07 13:05:01;"Chest & Abs";"Bent Over Cable Fly";1;70;lbs;12;;;0;"";
2018-05-07 13:05:01;"Chest & Abs";"Bent Over Cable Fly";2;70;lbs;12;;;0;;
2018-05-07 13:05:01;"Chest & Abs";"Bent Over Cable Fly";3;80;lbs;10;;;0;;
2018-05-07 13:05:01;"Chest & Abs";"Tricep Dip";1;0;lbs;12;;;0;"";
2018-05-07 13:05:01;"Chest & Abs";"Tricep Dip";2;0;lbs;12;;;0;;
2018-05-07 13:05:01;"Chest & Abs";"Tricep Dip";3;0;lbs;12;;;0;;
2018-05-07 13:05:01;"Chest & Abs";"Tricep Pull-down";1;110;lbs;12;;;0;"";
2018-05-07 13:05:01;"Chest & Abs";"Tricep Pull-down";2;120;lbs;12;;;0;;
2018-05-07 13:05:01;"Chest & Abs";"Tricep Pull-down";3;130;lbs;10;;;0;;
2018-05-07 13:05:01;"Chest & Abs";"Sit Up";1;0;lbs;15;;;0;"";
2018-05-07 13:05:01;"Chest & Abs";"Sit Up";2;10;lbs;15;;;0;;
2018-05-07 13:05:01;"Chest & Abs";"Sit Up";3;12;lbs;15;;;0;;
2018-05-07 13:05:01;"Chest & Abs";"Reverse Crunch";1;0;lbs;15;;;0;"";
2018-05-07 13:05:01;"Chest & Abs";"Reverse Crunch";2;0;lbs;15;;;0;;
2018-05-07 13:05:01;"Chest & Abs";"Reverse Crunch";3;0;lbs;15;;;0;;
2018-05-07 13:05:01;"Chest & Abs";"Bicycle Crunch";1;0;lbs;40;;;0;"";
2018-05-07 13:05:01;"Chest & Abs";"Bicycle Crunch";2;0;lbs;40;;;0;;
2018-05-07 13:05:01;"Chest & Abs";"Bicycle Crunch";3;0;lbs;40;;;0;;
2018-05-07 13:05:01;"Chest & Abs";"Plank";1;;;;;;60;"";
2018-05-07 13:05:01;"Chest & Abs";"Extended Arm Plank";1;;;;;;105;"";
2018-05-07 13:05:01;"Chest & Abs";"Dumbell Side Bends";1;45;lbs;20;;;0;"";
2018-05-07 13:05:01;"Chest & Abs";"Dumbell Side Bends";2;45;lbs;20;;;0;;
2018-05-07 13:05:01;"Chest & Abs";"Dumbell Side Bends";3;50;lbs;15;;;0;;
2018-05-07 13:05:01;"Chest & Abs";"Kettlebell Swing";1;25;lbs;12;;;0;"";
2018-05-07 13:05:01;"Chest & Abs";"Kettlebell Swing";2;25;lbs;12;;;0;;
2018-05-07 13:05:01;"Chest & Abs";"Kettlebell Swing";3;25;lbs;12;;;0;;
2018-05-04 10:31:50;"Morning Workout";"Squat";1;105;lbs;10;;;0;"";""
2018-05-04 10:31:50;"Morning Workout";"Squat";2;155;lbs;10;;;0;;
2018-05-04 10:31:50;"Morning Workout";"Squat";3;155;lbs;10;;;0;;
2018-05-04 10:31:50;"Morning Workout";"Squat";4;175;lbs;10;;;0;;
2018-05-04 10:31:50;"Morning Workout";"Squat";5;195;lbs;10;;;0;;
2018-05-04 10:31:50;"Morning Workout";"Standing Calf Raise";1;105;lbs;20;;;0;"";
2018-05-04 10:31:50;"Morning Workout";"Standing Calf Raise";2;155;lbs;20;;;0;;
2018-05-04 10:31:50;"Morning Workout";"Standing Calf Raise";3;195;lbs;20;;;0;;
2018-05-04 10:31:50;"Morning Workout";"Standing Calf Raise";4;195;lbs;20;;;0;;
2018-05-04 10:31:50;"Morning Workout";"Bent Over Row";1;105;lbs;12;;;0;"";
2018-05-04 10:31:50;"Morning Workout";"Bent Over Row";2;155;lbs;6;;;0;;
2018-05-04 10:31:50;"Morning Workout";"Bent Over Row";3;125;lbs;12;;;0;;
2018-05-04 10:31:50;"Morning Workout";"Bent Over Row";4;135;lbs;10;;;0;;
2018-05-04 10:31:50;"Morning Workout";"Lat Pulldown";1;115;lbs;8;;;0;"";
2018-05-04 10:31:50;"Morning Workout";"Lat Pulldown";2;115;lbs;8;;;0;;
2018-05-04 10:31:50;"Morning Workout";"Lat Pulldown";3;115;lbs;8;;;0;;
2018-05-04 10:31:50;"Morning Workout";"Bent Over Row (Dumbbell)";1;55;lbs;10;;;0;"";
2018-05-04 10:31:50;"Morning Workout";"Bent Over Row (Dumbbell)";2;55;lbs;8;;;0;;
2018-05-04 10:31:50;"Morning Workout";"Bent Over Row (Dumbbell)";3;55;lbs;8;;;0;;
2018-05-04 10:31:50;"Morning Workout";"Leg Curl";1;100;lbs;12;;;0;"";
2018-05-04 10:31:50;"Morning Workout";"Leg Curl";2;120;lbs;10;;;0;;
2018-05-04 10:31:50;"Morning Workout";"Leg Curl";3;120;lbs;10;;;0;;
2018-05-04 10:31:50;"Morning Workout";"Leg Extension";1;100;lbs;10;;;0;"";
2018-05-04 10:31:50;"Morning Workout";"Leg Extension";2;100;lbs;10;;;0;;
2018-05-04 10:31:50;"Morning Workout";"Leg Extension";3;100;lbs;10;;;0;;
2018-05-04 10:31:50;"Morning Workout";"Reverse Fly";1;40;lbs;12;;;0;"";
2018-05-04 10:31:50;"Morning Workout";"Reverse Fly";2;40;lbs;10;;;0;;
2018-05-04 10:31:50;"Morning Workout";"Reverse Fly";3;40;lbs;10;;;0;;
2018-05-04 10:31:50;"Morning Workout";"Lateral Raise";1;25;lbs;10;;;0;"";
2018-05-04 10:31:50;"Morning Workout";"Lateral Raise";2;30;lbs;12;;;0;;
2018-05-04 10:31:50;"Morning Workout";"Lateral Raise";3;30;lbs;10;;;0;;
2018-05-04 10:31:50;"Morning Workout";"Front Raise";1;25;lbs;8;;;0;"";
2018-05-04 10:31:50;"Morning Workout";"Front Raise";2;25;lbs;8;;;0;;
2018-05-04 10:31:50;"Morning Workout";"Front Raise";3;25;lbs;8;;;0;;
2018-05-04 10:31:50;"Morning Workout";"Shrug";1;155;lbs;10;;;0;"";
2018-05-04 10:31:50;"Morning Workout";"Shrug";2;155;lbs;10;;;0;;
2018-05-04 10:31:50;"Morning Workout";"Shrug";3;155;lbs;10;;;0;;
2018-05-04 10:31:50;"Morning Workout";"Bicep Curl (Machine)";1;70;lbs;8;;;0;"";
2018-05-04 10:31:50;"Morning Workout";"Bicep Curl (Machine)";2;70;lbs;9;;;0;;
2018-05-04 10:31:50;"Morning Workout";"Bicep Curl (Machine)";3;70;lbs;9;;;0;;
2018-05-03 13:16:57;"Chest & Abs";"Bench Press (Dumbbell)";1;35;lbs;10;;;0;"";""
2018-05-03 13:16:57;"Chest & Abs";"Bench Press (Dumbbell)";2;40;lbs;10;;;0;;
2018-05-03 13:16:57;"Chest & Abs";"Bench Press (Dumbbell)";3;45;lbs;10;;;0;;
2018-05-03 13:16:57;"Chest & Abs";"Bench Press (Dumbbell)";4;50;lbs;6;;;0;;
2018-05-03 13:16:57;"Chest & Abs";"Skullcrushers";1;40;lbs;10;;;0;"";
2018-05-03 13:16:57;"Chest & Abs";"Skullcrushers";2;40;lbs;10;;;0;;
2018-05-03 13:16:57;"Chest & Abs";"Skullcrushers";3;40;lbs;10;;;0;;
2018-05-03 13:16:57;"Chest & Abs";"Front Chest Raise";1;30;lbs;10;;;0;"";
2018-05-03 13:16:57;"Chest & Abs";"Front Chest Raise";2;30;lbs;10;;;0;;
2018-05-03 13:16:57;"Chest & Abs";"Front Chest Raise";3;30;lbs;10;;;0;;
2018-05-03 13:16:57;"Chest & Abs";"Bent Over Cable Fly";1;60;lbs;12;;;0;"";
2018-05-03 13:16:57;"Chest & Abs";"Bent Over Cable Fly";2;70;lbs;10;;;0;;
2018-05-03 13:16:57;"Chest & Abs";"Bent Over Cable Fly";3;70;lbs;10;;;0;;
2018-05-03 13:16:57;"Chest & Abs";"Tricep Dip";1;0;lbs;10;;;0;"";
2018-05-03 13:16:57;"Chest & Abs";"Tricep Dip";2;0;lbs;10;;;0;;
2018-05-03 13:16:57;"Chest & Abs";"Tricep Dip";3;0;lbs;10;;;0;;
2018-05-03 13:16:57;"Chest & Abs";"Tricep Pull-down";1;90;lbs;12;;;0;"";
2018-05-03 13:16:57;"Chest & Abs";"Tricep Pull-down";2;110;lbs;10;;;0;;
2018-05-03 13:16:57;"Chest & Abs";"Tricep Pull-down";3;120;lbs;10;;;0;;
2018-05-03 13:16:57;"Chest & Abs";"Sit Up";1;0;lbs;15;;;0;"";
2018-05-03 13:16:57;"Chest & Abs";"Sit Up";2;6;lbs;15;;;0;;
2018-05-03 13:16:57;"Chest & Abs";"Sit Up";3;10;lbs;15;;;0;;
2018-05-03 13:16:57;"Chest & Abs";"Reverse Crunch";1;0;lbs;15;;;0;"";
2018-05-03 13:16:57;"Chest & Abs";"Reverse Crunch";2;0;lbs;15;;;0;;
2018-05-03 13:16:57;"Chest & Abs";"Reverse Crunch";3;0;lbs;15;;;0;;
2018-05-03 13:16:57;"Chest & Abs";"Bicycle Crunch";1;0;lbs;40;;;0;"";
2018-05-03 13:16:57;"Chest & Abs";"Bicycle Crunch";2;0;lbs;40;;;0;;
2018-05-03 13:16:57;"Chest & Abs";"Bicycle Crunch";3;0;lbs;40;;;0;;
2018-05-03 13:16:57;"Chest & Abs";"Plank";1;;;;;;60;"";
2018-05-03 13:16:57;"Chest & Abs";"Extended Arm Plank";1;;;;;;105;"";
2018-05-03 13:16:57;"Chest & Abs";"Dumbell Side Bends";1;40;lbs;15;;;0;"";
2018-05-03 13:16:57;"Chest & Abs";"Dumbell Side Bends";2;45;lbs;15;;;0;;
2018-05-03 13:16:57;"Chest & Abs";"Dumbell Side Bends";3;45;lbs;15;;;0;;
2018-05-03 13:16:57;"Chest & Abs";"Russian Twist";1;;;50;;;0;"";
2018-05-03 13:16:57;"Chest & Abs";"Russian Twist";2;;;40;;;0;;
2018-05-03 13:16:57;"Chest & Abs";"Russian Twist";3;;;40;;;0;;
2018-05-03 13:16:57;"Chest & Abs";"Kettlebell Swing";1;25;lbs;12;;;0;"";
2018-05-03 13:16:57;"Chest & Abs";"Kettlebell Swing";2;25;lbs;10;;;0;;
2018-05-01 12:00:35;"Back And Shoulders";"Bent Over Row";1;105;lbs;12;;;0;"";""
2018-05-01 12:00:35;"Back And Shoulders";"Bent Over Row";2;125;lbs;8;;;0;;
2018-05-01 12:00:35;"Back And Shoulders";"Bent Over Row";3;125;lbs;8;;;0;;
2018-05-01 12:00:35;"Back And Shoulders";"Lat Pulldown";1;115;lbs;10;;;0;"";
2018-05-01 12:00:35;"Back And Shoulders";"Lat Pulldown";2;115;lbs;8;;;0;;
2018-05-01 12:00:35;"Back And Shoulders";"Lat Pulldown";3;115;lbs;8;;;0;;
2018-05-01 12:00:35;"Back And Shoulders";"Bicep Curl";1;65;lbs;10;;;0;"";
2018-05-01 12:00:35;"Back And Shoulders";"Bicep Curl";2;65;lbs;10;;;0;;
2018-05-01 12:00:35;"Back And Shoulders";"Bicep Curl";3;65;lbs;10;;;0;;
2018-05-01 12:00:35;"Back And Shoulders";"Bent Over Row (Dumbbell)";1;50;lbs;10;;;0;"";
2018-05-01 12:00:35;"Back And Shoulders";"Bent Over Row (Dumbbell)";2;55;lbs;8;;;0;;
2018-05-01 12:00:35;"Back And Shoulders";"Bent Over Row (Dumbbell)";3;60;lbs;8;;;0;;
2018-05-01 12:00:35;"Back And Shoulders";"Front Raise";1;25;lbs;8;;;0;"";
2018-05-01 12:00:35;"Back And Shoulders";"Front Raise";2;25;lbs;8;;;0;;
2018-05-01 12:00:35;"Back And Shoulders";"Front Raise";3;25;lbs;8;;;0;;
2018-05-01 12:00:35;"Back And Shoulders";"Reverse Fly";1;35;lbs;10;;;0;"";
2018-05-01 12:00:35;"Back And Shoulders";"Reverse Fly";2;40;lbs;8;;;0;;
2018-05-01 12:00:35;"Back And Shoulders";"Reverse Fly";3;40;lbs;8;;;0;;
2018-05-01 12:00:35;"Back And Shoulders";"Lateral Raise";1;25;lbs;10;;;0;"";
2018-05-01 12:00:35;"Back And Shoulders";"Lateral Raise";2;30;lbs;8;;;0;;
2018-05-01 12:00:35;"Back And Shoulders";"Lateral Raise";3;30;lbs;6;;;0;;
